graph6,order,thinness
J???????F~_,11,1
J??????_F~?,11,1
J??????_F~_,11,1
J??????oD~?,11,1
J??????o@~_,11,1
J??????oF~?,11,2
J??????oD~_,11,1
J??????oF~_,11,1
J??????wC~?,11,1
J??????w?~_,11,1
J??????wE~?,11,2
J??????wC~_,11,1
J??????wF~?,11,2
J??????wE~_,11,1
J??????wF~_,11,1
J??????{C^?,11,1
J??????{?^_,11,1
J??????{E^?,11,2
J??????{C^_,11,1
J??????{F^?,11,2
J??????{E^_,11,1
J??????{F~?,11,2
J??????{F^_,11,1
J??????{F~_,11,1
J??????}CN?,11,1
J??????}EN?,11,2
J??????}CN_,11,1
J??????}FN?,11,2
J??????}EN_,11,1
J??????}Fn?,11,2
J??????}FN_,11,1
J??????}F~?,11,2
J??????}Fn_,11,1
J??????}F~_,11,1
J??????~FF?,11,2
J??????~Ff?,11,2
J??????~FF_,11,1
J??????~Fv?,11,2
J??????~Ff_,11,1
J??????~F~?,11,2
J??????~Fv_,11,1
J??????~F~_,11,1
J??????~fr?,11,2
J??????~fz?,11,2
J??????~fr_,11,1
J??????~f~?,11,2
J??????~fz_,11,1
J??????~f~_,11,1
J??????~v|?,11,2
J??????~v~?,11,2
J??????~v|_,11,1
J??????~v~_,11,1
J??????~~~?,11,2
J??????~~~_,11,1
J????A?OF}?,11,1
J????A?OF~?,11,1
J????A?OF~_,11,1
J????A?oD}?,11,1
J????A?oB}?,11,1
J????A?oF}?,11,2
J????A?oD~?,11,1
J????A?oB~?,11,2
J????A?oD}_,11,2
J????A?oF~?,11,2
J????A?oF}_,11,1
J????A?oF~_,11,1
J????A?WE}?,11,1
J????A?WC}_,11,1
J????A?WF}?,11,2
J????A?WE~?,11,1
J????A?WE}_,11,1
J????A?WC~_,11,1
J????A?WF~?,11,2
J????A?WF}_,11,1
J????A?WE~_,11,1
J????A?WF~_,11,1
J????A?_N}?,11,1
J????A?_N~?,11,1
J????A?_N~_,11,1
J????A?wC}?,11,1
J????A?wA}?,11,1
J????A?w?~?,11,1
J????A?w?}_,11,1
J????A?wE}?,11,2
J????A?wB}?,11,2
J????A?wC~?,11,1
J????A?wA~?,11,2
J????A?wC}_,11,2
J????A?wA}_,11,1
J????A?w?~_,11,2
J????A?wF}?,11,2
J????A?wE~?,11,2
J????A?wB~?,11,2
J????A?wE}_,11,2
J????A?wB}_,11,1
J????A?wC~_,11,1
J????A?wA~_,11,2
J????A?wF~?,11,2
J????A?wF}_,11,1
J????A?wE~_,11,1
J????A?wB~_,11,2
J????A?wF~_,11,1
J????A?[E]?,11,1
J????A?[C]_,11,1
J????A?[F]?,11,2
J????A?[E^?,11,1
J????A?[E]_,11,1
J????A?[C^_,11,1
J????A?[F}?,11,2
J????A?[F^?,11,2
J????A?[F]_,11,1
J????A?[E^_,11,1
J????A?[F~?,11,2
J????A?[F}_,11,1
J????A?[F^_,11,1
J????A?[F~_,11,1
J????A?oL}?,11,1
J????A?oJ}?,11,1
J????A?oH}_,11,1
J????A?oN}?,11,2
J????A?oL~?,11,1
J????A?oL}_,11,1
J????A?oJ}_,11,1
J????A?oN~?,11,2
J????A?oN}_,11,1
J????A?oL~_,11,1
J????A?oN~_,11,1
J????A?{C]?,11,1
J????A?{A]?,11,1
J????A?{?^?,11,1
J????A?{E]?,11,2
J????A?{B]?,11,2
J????A?{C^?,11,1
J????A?{A^?,11,2
J????A?{C]_,11,2
J????A?{A]_,11,1
J????A?{?^_,11,2
J????A?{F]?,11,2
J????A?{B}?,11,2
J????A?{E^?,11,2
J????A?{B^?,11,2
J????A?{E]_,11,2
J????A?{B]_,11,1
J????A?{C^_,11,1
J????A?{A^_,11,2
J????A?{F}?,11,2
J????A?{F^?,11,2
J????A?{B~?,11,2
J????A?{F]_,11,2
J????A?{B}_,11,1
J????A?{E^_,11,1
J????A?{B^_,11,2
J????A?{F~?,11,2
J????A?{F}_,11,1
J????A?{F^_,11,1
J????A?{B~_,11,2
J????A?{F~_,11,1
J????A?]EM?,11,1
J????A?]CM_,11,1
J????A?]FM?,11,2
J????A?]EN?,11,1
J????A?]EM_,11,1
J????A?]CN_,11,1
J????A?]Fm?,11,2
J????A?]FN?,11,2
J????A?]FM_,11,1
J????A?]EN_,11,1
J????A?]F}?,11,2
J????A?]Fn?,11,2
J????A?]Fm_,11,1
J????A?]FN_,11,1
J????A?]F~?,11,2
J????A?]F}_,11,1
J????A?]Fn_,11,1
J????A?]F~_,11,1
J????A?wK}?,11,1
J????A?wI}?,11,1
J????A?wG}_,11,1
J????A?wM}?,11,2
J????A?wJ}?,11,2
J????A?wK~?,11,1
J????A?wK}_,11,1
J????A?wI}_,11,1
J????A?wN}?,11,2
J????A?wM~?,11,2
J????A?wM}_,11,1
J????A?wJ}_,11,1
J????A?wK~_,11,1
J????A?wN~?,11,2
J????A?wN}_,11,1
J????A?wM~_,11,1
J????A?wN~_,11,1
J????A?}EM?,11,2
J????A?}CN?,11,1
J????A?}AN?,11,2
J????A?}FM?,11,2
J????A?}Bm?,11,2
J????A?}EN?,11,2
J????A?}BN?,11,2
J????A?}EM_,11,2
J????A?}CN_,11,1
J????A?}AN_,11,2
J????A?}Fm?,11,2
J????A?}B}?,11,2
J????A?}FN?,11,2
J????A?}Bn?,11,2
J????A?}FM_,11,2
J????A?}Bm_,11,1
J????A?}EN_,11,1
J????A?}BN_,11,2
J????A?}F}?,11,2
J????A?}Fn?,11,2
J????A?}B~?,11,2
J????A?}Fm_,11,2
J????A?}B}_,11,1
J????A?}FN_,11,1
J????A?}Bn_,11,2
J????A?}F~?,11,2
J????A?}F}_,11,1
J????A?}Fn_,11,1
J????A?}B~_,11,2
J????A?}F~_,11,1
J????A?^FE?,11,2
J????A?^EF?,11,1
J????A?^Fe?,11,2
J????A?^FF?,11,2
J????A?^FE_,11,1
J????A?^EF_,11,1
J????A?^Fu?,11,2
J????A?^Ff?,11,2
J????A?^Fe_,11,1
J????A?^FF_,11,1
J????A?^F}?,11,2
J????A?^Fv?,11,2
J????A?^Fu_,11,1
J????A?^Ff_,11,1
J????A?^F~?,11,2
J????A?^F}_,11,1
J????A?^Fv_,11,1
J????A?^F~_,11,1
J????A?{M]?,11,2
J????A?{J]?,11,2
J????A?{K^?,11,1
J????A?{N]?,11,2
J????A?{J}?,11,2
J????A?{M^?,11,2
J????A?{M]_,11,1
J????A?{J]_,11,1
J????A?{K^_,11,1
J????A?{N}?,11,2
J????A?{N^?,11,2
J????A?{N]_,11,1
J????A?{J}_,11,1
J????A?{M^_,11,1
J????A?{N~?,11,2
J????A?{N}_,11,1
J????A?{N^_,11,1
J????A?{N~_,11,1
J????A?~Fe?,11,2
J????A?~FF?,11,2
J????A?~Bf?,11,2
J????A?~Fu?,11,2
J????A?~B}?,11,2
J????A?~Ff?,11,2
J????A?~Bv?,11,2
J????A?~Fe_,11,2
J????A?~FF_,11,1
J????A?~Bf_,11,2
J????A?~F}?,11,2
J????A?~Fv?,11,2
J????A?~B~?,11,2
J????A?~Fu_,11,2
J????A?~B}_,11,1
J????A?~Ff_,11,1
J????A?~Bv_,11,2
J????A?~F~?,11,2
J????A?~F}_,11,1
J????A?~Fv_,11,1
J????A?~B~_,11,2
J????A?~F~_,11,1
J????A?^fq?,11,2
J????A?^fb?,11,2
J????A?^fy?,11,2
J????A?^fr?,11,2
J????A?^fq_,11,1
J????A?^fb_,11,1
J????A?^f}?,11,2
J????A?^fz?,11,2
J????A?^fy_,11,1
J????A?^fr_,11,1
J????A?^f~?,11,2
J????A?^f}_,11,1
J????A?^fz_,11,1
J????A?^f~_,11,1
J????A?}MN?,11,2
J????A?}Nm?,11,2
J????A?}J}?,11,2
J????A?}NN?,11,2
J????A?}MN_,11,1
J????A?}N}?,11,2
J????A?}Nn?,11,2
J????A?}Nm_,11,1
J????A?}J}_,11,1
J????A?}NN_,11,1
J????A?}N~?,11,2
J????A?}N}_,11,1
J????A?}Nn_,11,1
J????A?}N~_,11,1
J????A?~fy?,11,2
J????A?~fr?,11,2
J????A?~bz?,11,2
J????A?~f}?,11,2
J????A?~fz?,11,2
J????A?~b~?,11,2
J????A?~fy_,11,2
J????A?~fr_,11,1
J????A?~bz_,11,2
J????A?~f~?,11,2
J????A?~f}_,11,1
J????A?~fz_,11,1
J????A?~b~_,11,2
J????A?~f~_,11,1
J????A?^v{?,11,2
J????A?^vx?,11,2
J????A?^v}?,11,2
J????A?^v|?,11,2
J????A?^v{_,11,1
J????A?^vx_,11,1
J????A?^v~?,11,2
J????A?^v}_,11,1
J????A?^v|_,11,1
J????A?^v~_,11,1
J????A?~Nf?,11,2
J????A?~N}?,11,2
J????A?~Nv?,11,2
J????A?~Nf_,11,1
J????A?~N~?,11,2
J????A?~N}_,11,1
J????A?~Nv_,11,1
J????A?~N~_,11,1
J????A?~v}?,11,2
J????A?~v|?,11,2
J????A?~r~?,11,2
J????A?~v~?,11,2
J????A?~v}_,11,1
J????A?~v|_,11,1
J????A?~r~_,11,2
J????A?~v~_,11,1
J????A?~nz?,11,2
J????A?~n~?,11,2
J????A?~nz_,11,1
J????A?~n~_,11,1
J????A?~~~?,11,2
J????A?~~~_,11,1
J????B?oD}?,11,2
J????B?oF}?,11,2
J????B?oD~?,11,2
J????B?oF~?,11,2
J????B?oF~_,11,2
J????B?gC}?,11,2
J????B?gA}?,11,1
J????B?g?~?,11,1
J????B?gE}?,11,2
J????B?gB}?,11,2
J????B?gC~?,11,2
J????B?gA~?,11,1
J????B?g@~?,11,2
J????B?g?~_,11,2
J????B?gF}?,11,2
J????B?gE~?,11,1
J????B?gD~?,11,2
J????B?gB~?,11,2
J????B?gC~_,11,2
J????B?gA~_,11,2
J????B?gF~?,11,2
J????B?gE~_,11,1
J????B?gB~_,11,2
J????B?gF~_,11,1
J????B?KD]?,11,1
J????B?K@^?,11,1
J????B?K?^_,11,1
J????B?KF]?,11,2
J????B?KD^?,11,1
J????B?K@~?,11,2
J????B?KC^_,11,1
J????B?KF}?,11,2
J????B?KF^?,11,1
J????B?KD~?,11,2
J????B?KE^_,11,1
J????B?KD^_,11,1
J????B?KF~?,11,2
J????B?KF^_,11,1
J????B?KF~_,11,1
J????B?wC}?,11,2
J????B?w@}?,11,2
J????B?w?~?,11,2
J????B?w?}_,11,2
J????B?wE}?,11,2
J????B?wD}?,11,2
J????B?wC~?,11,2
J????B?w@~?,11,2
J????B?wC}_,11,2
J????B?w@}_,11,2
J????B?w?~_,11,2
J????B?wF}?,11,2
J????B?wE~?,11,2
J????B?wD~?,11,2
J????B?wE}_,11,2
J????B?wD}_,11,2
J????B?wC~_,11,2
J????B?w@~_,11,2
J????B?wF~?,11,2
J????B?wF}_,11,2
J????B?wE~_,11,2
J????B?wD~_,11,2
J????B?wF~_,11,2
J????B?kC]?,11,2
J????B?kA]?,11,1
J????B?k@]?,11,1
J????B?k?^?,11,1
J????B?k?]_,11,1
J????B?kE]?,11,2
J????B?kD]?,11,2
J????B?kB]?,11,2
J????B?k@}?,11,2
J????B?kC^?,11,2
J????B?kA^?,11,1
J????B?k@^?,11,2
J????B?kC]_,11,2
J????B?kA]_,11,2
J????B?k@]_,11,1
J????B?k?^_,11,2
J????B?kF]?,11,2
J????B?kD}?,11,2
J????B?kB}?,11,2
J????B?kE^?,11,1
J????B?kD^?,11,2
J????B?kB^?,11,2
J????B?k@~?,11,2
J????B?kE]_,11,2
J????B?kD]_,11,2
J????B?kB]_,11,2
J????B?k@}_,11,1
J????B?kC^_,11,2
J????B?kA^_,11,2
J????B?k@^_,11,2
J????B?kF}?,11,2
J????B?kF^?,11,2
J????B?kD~?,11,2
J????B?kB~?,11,2
J????B?kF]_,11,2
J????B?kD}_,11,1
J????B?kB}_,11,2
J????B?kE^_,11,1
J????B?kD^_,11,2
J????B?kB^_,11,2
J????B?k@~_,11,2
J????B?kF~?,11,2
J????B?kF}_,11,2
J????B?kF^_,11,1
J????B?kD~_,11,1
J????B?kB~_,11,2
J????B?kF~_,11,1
J????B?MDM?,11,1
J????B?M@N?,11,1
J????B?MCM_,11,1
J????B?M?N_,11,1
J????B?MFM?,11,2
J????B?MDm?,11,2
J????B?MDN?,11,1
J????B?M@n?,11,2
J????B?MEM_,11,2
J????B?MDM_,11,1
J????B?MCN_,11,1
J????B?M@N_,11,1
J????B?MFm?,11,2
J????B?MD}?,11,2
J????B?MFN?,11,1
J????B?MDn?,11,2
J????B?M@~?,11,2
J????B?MFM_,11,2
J????B?MDm_,11,1
J????B?MEN_,11,1
J????B?MDN_,11,1
J????B?M@n_,11,1
J????B?MF}?,11,2
J????B?MFn?,11,2
J????B?MD~?,11,2
J????B?MFm_,11,2
J????B?MD}_,11,1
J????B?MFN_,11,1
J????B?MDn_,11,1
J????B?M@~_,11,1
J????B?MF~?,11,2
J????B?MF}_,11,2
J????B?MFn_,11,1
J????B?MD~_,11,1
J????B?MF~_,11,1
J????B?oL}?,11,1
J????B?oH~?,11,1
J????B?oN}?,11,2
J????B?oL~?,11,1
J????B?oH~_,11,1
J????B?oN~?,11,2
J????B?oL~_,11,1
J????B?oN~_,11,1
J????B?gK}?,11,2
J????B?gI}?,11,1
J????B?gG~?,11,1
J????B?gM}?,11,2
J????B?gJ}?,11,2
J????B?gK~?,11,2
J????B?gI~?,11,1
J????B?gH~?,11,2
J????B?gG~_,11,2
J????B?gN}?,11,2
J????B?gM~?,11,1
J????B?gL~?,11,2
J????B?gJ~?,11,2
J????B?gK~_,11,2
J????B?gI~_,11,1
J????B?gN~?,11,2
J????B?gM~_,11,1
J????B?gJ~_,11,2
J????B?gN~_,11,1
J????B?KK]?,11,1
J????B?KG^?,11,1
J????B?KM]?,11,2
J????B?KL]?,11,2
J????B?KK^?,11,1
J????B?KH^?,11,2
J????B?KG^_,11,2
J????B?KN]?,11,2
J????B?KM^?,11,1
J????B?KL^?,11,2
J????B?KH~?,11,2
J????B?KK^_,11,2
J????B?KN}?,11,2
J????B?KN^?,11,2
J????B?KL~?,11,2
J????B?KM^_,11,1
J????B?KL^_,11,2
J????B?KN~?,11,2
J????B?KN^_,11,1
J????B?KN~_,11,1
J????B?{C]?,11,2
J????B?{@]?,11,2
J????B?{?^?,11,2
J????B?{E]?,11,2
J????B?{D]?,11,2
J????B?{@}?,11,2
J????B?{C^?,11,2
J????B?{@^?,11,2
J????B?{C]_,11,2
J????B?{@]_,11,2
J????B?{?^_,11,2
J????B?{F]?,11,2
J????B?{D}?,11,2
J????B?{E^?,11,2
J????B?{D^?,11,2
J????B?{@~?,11,2
J????B?{E]_,11,2
J????B?{D]_,11,2
J????B?{@}_,11,2
J????B?{C^_,11,2
J????B?{@^_,11,2
J????B?{F}?,11,2
J????B?{F^?,11,2
J????B?{D~?,11,2
J????B?{F]_,11,2
J????B?{D}_,11,2
J????B?{E^_,11,2
J????B?{D^_,11,2
J????B?{@~_,11,2
J????B?{F~?,11,2
J????B?{F}_,11,2
J????B?{F^_,11,2
J????B?{D~_,11,2
J????B?{F~_,11,2
J????B?mCM?,11,2
J????B?mAM?,11,1
J????B?mEM?,11,2
J????B?mDM?,11,2
J????B?mBM?,11,2
J????B?m@m?,11,2
J????B?mCN?,11,2
J????B?mAN?,11,1
J????B?m@N?,11,2
J????B?mCM_,11,2
J????B?mAM_,11,2
J????B?mFM?,11,2
J????B?mDm?,11,2
J????B?mBm?,11,2
J????B?m@}?,11,2
J????B?mEN?,11,1
J????B?mDN?,11,2
J????B?mBN?,11,2
J????B?m@n?,11,2
J????B?mEM_,11,2
J????B?mDM_,11,2
J????B?mBM_,11,2
J????B?m@m_,11,1
J????B?mCN_,11,2
J????B?mAN_,11,2
J????B?m@N_,11,2
J????B?mFm?,11,2
J????B?mD}?,11,2
J????B?mB}?,11,2
J????B?mFN?,11,2
J????B?mDn?,11,2
J????B?mBn?,11,2
J????B?m@~?,11,2
J????B?mFM_,11,2
J????B?mDm_,11,2
J????B?mBm_,11,2
J????B?m@}_,11,1
J????B?mEN_,11,1
J????B?mDN_,11,2
J????B?mBN_,11,2
J????B?m@n_,11,2
J????B?mF}?,11,2
J????B?mFn?,11,2
J????B?mD~?,11,2
J????B?mB~?,11,2
J????B?mFm_,11,2
J????B?mD}_,11,1
J????B?mB}_,11,2
J????B?mFN_,11,1
J????B?mDn_,11,2
J????B?mBn_,11,2
J????B?m@~_,11,2
J????B?mF~?,11,2
J????B?mF}_,11,2
J????B?mFn_,11,1
J????B?mD~_,11,1
J????B?mB~_,11,2
J????B?mF~_,11,1
J????B?NDE?,11,1
J????B?NFE?,11,2
J????B?NDe?,11,2
J????B?NDF?,11,1
J????B?N@f?,11,2
J????B?NEE_,11,2
J????B?NDE_,11,1
J????B?NCF_,11,1
J????B?NFe?,11,2
J????B?NDu?,11,2
J????B?NFF?,11,1
J????B?NDf?,11,2
J????B?N@v?,11,2
J????B?NFE_,11,2
J????B?NDe_,11,1
J????B?NEF_,11,1
J????B?NDF_,11,1
J????B?N@f_,11,1
J????B?NFu?,11,2
J????B?ND}?,11,2
J????B?NFf?,11,2
J????B?NDv?,11,2
J????B?N@~?,11,2
J????B?NFe_,11,2
J????B?NDu_,11,1
J????B?NFF_,11,1
J????B?NDf_,11,1
J????B?N@v_,11,1
J????B?NF}?,11,2
J????B?NFv?,11,2
J????B?ND~?,11,2
J????B?NFu_,11,2
J????B?ND}_,11,1
J????B?NFf_,11,1
J????B?NDv_,11,1
J????B?N@~_,11,1
J????B?NF~?,11,2
J????B?NF}_,11,2
J????B?NFv_,11,1
J????B?ND~_,11,1
J????B?NF~_,11,1
J????B?wK}?,11,1
J????B?wH}?,11,1
J????B?wG~?,11,1
J????B?wG}_,11,1
J????B?wM}?,11,2
J????B?wL}?,11,2
J????B?wK~?,11,1
J????B?wH~?,11,2
J????B?wK}_,11,1
J????B?wH}_,11,1
J????B?wG~_,11,1
J????B?wN}?,11,2
J????B?wM~?,11,2
J????B?wL~?,11,2
J????B?wM}_,11,2
J????B?wL}_,11,1
J????B?wK~_,11,1
J????B?wH~_,11,1
J????B?wN~?,11,2
J????B?wN}_,11,2
J????B?wM~_,11,1
J????B?wL~_,11,1
J????B?wN~_,11,1
J????B?kK]?,11,2
J????B?kI]?,11,1
J????B?kH]?,11,1
J????B?kG^?,11,1
J????B?kM]?,11,2
J????B?kL]?,11,2
J????B?kJ]?,11,2
J????B?kH}?,11,2
J????B?kK^?,11,2
J????B?kI^?,11,1
J????B?kH^?,11,2
J????B?kK]_,11,2
J????B?kI]_,11,2
J????B?kH]_,11,1
J????B?kG^_,11,2
J????B?kN]?,11,2
J????B?kL}?,11,2
J????B?kJ}?,11,2
J????B?kM^?,11,1
J????B?kL^?,11,2
J????B?kJ^?,11,2
J????B?kH~?,11,2
J????B?kM]_,11,2
J????B?kL]_,11,2
J????B?kJ]_,11,2
J????B?kH}_,11,1
J????B?kK^_,11,2
J????B?kI^_,11,1
J????B?kH^_,11,2
J????B?kN}?,11,2
J????B?kN^?,11,2
J????B?kL~?,11,2
J????B?kJ~?,11,2
J????B?kN]_,11,2
J????B?kL}_,11,1
J????B?kJ}_,11,2
J????B?kM^_,11,1
J????B?kL^_,11,2
J????B?kJ^_,11,2
J????B?kH~_,11,1
J????B?kN~?,11,2
J????B?kN}_,11,2
J????B?kN^_,11,1
J????B?kL~_,11,1
J????B?kJ~_,11,2
J????B?kN~_,11,1
J????B?MKM?,11,1
J????B?MHM?,11,1
J????B?MMM?,11,2
J????B?MLM?,11,2
J????B?MHm?,11,2
J????B?MKN?,11,1
J????B?MHN?,11,2
J????B?MKM_,11,2
J????B?MHM_,11,1
J????B?MGN_,11,2
J????B?MNM?,11,2
J????B?MLm?,11,2
J????B?MH}?,11,2
J????B?MMN?,11,1
J????B?MLN?,11,2
J????B?MHn?,11,2
J????B?MMM_,11,2
J????B?MLM_,11,2
J????B?MHm_,11,1
J????B?MKN_,11,2
J????B?MHN_,11,2
J????B?MNm?,11,2
J????B?ML}?,11,2
J????B?MNN?,11,2
J????B?MLn?,11,2
J????B?MH~?,11,2
J????B?MNM_,11,2
J????B?MLm_,11,2
J????B?MH}_,11,1
J????B?MMN_,11,1
J????B?MLN_,11,2
J????B?MHn_,11,2
J????B?MN}?,11,2
J????B?MNn?,11,2
J????B?ML~?,11,2
J????B?MNm_,11,2
J????B?ML}_,11,2
J????B?MNN_,11,1
J????B?MLn_,11,2
J????B?MH~_,11,1
J????B?MN~?,11,2
J????B?MN}_,11,2
J????B?MNn_,11,1
J????B?ML~_,11,1
J????B?MN~_,11,1
J????B?}EM?,11,2
J????B?}FM?,11,2
J????B?}Dm?,11,2
J????B?}@}?,11,2
J????B?}EN?,11,2
J????B?}DN?,11,2
J????B?}@n?,11,2
J????B?}EM_,11,2
J????B?}Fm?,11,2
J????B?}D}?,11,2
J????B?}FN?,11,2
J????B?}Dn?,11,2
J????B?}@~?,11,2
J????B?}FM_,11,2
J????B?}Dm_,11,2
J????B?}@}_,11,2
J????B?}EN_,11,2
J????B?}DN_,11,2
J????B?}@n_,11,2
J????B?}F}?,11,2
J????B?}Fn?,11,2
J????B?}D~?,11,2
J????B?}Fm_,11,2
J????B?}D}_,11,2
J????B?}FN_,11,2
J????B?}Dn_,11,2
J????B?}@~_,11,2
J????B?}F~?,11,2
J????B?}F}_,11,2
J????B?}Fn_,11,2
J????B?}D~_,11,2
J????B?}F~_,11,2
J????B?nFE?,11,2
J????B?nDe?,11,2
J????B?nBe?,11,2
J????B?nEF?,11,1
J????B?nFe?,11,2
J????B?nDu?,11,2
J????B?nBu?,11,2
J????B?n@}?,11,2
J????B?nFF?,11,2
J????B?nDf?,11,2
J????B?nBf?,11,2
J????B?n@v?,11,2
J????B?nFE_,11,2
J????B?nDe_,11,2
J????B?nBe_,11,2
J????B?nEF_,11,1
J????B?nFu?,11,2
J????B?nD}?,11,2
J????B?nB}?,11,2
J????B?nFf?,11,2
J????B?nDv?,11,2
J????B?nBv?,11,2
J????B?n@~?,11,2
J????B?nFe_,11,2
J????B?nDu_,11,2
J????B?nBu_,11,2
J????B?n@}_,11,1
J????B?nFF_,11,1
J????B?nDf_,11,2
J????B?nBf_,11,2
J????B?n@v_,11,2
J????B?nF}?,11,2
J????B?nFv?,11,2
J????B?nD~?,11,2
J????B?nB~?,11,2
J????B?nFu_,11,2
J????B?nD}_,11,1
J????B?nB}_,11,2
J????B?nFf_,11,1
J????B?nDv_,11,2
J????B?nBv_,11,2
J????B?n@~_,11,2
J????B?nF~?,11,2
J????B?nF}_,11,2
J????B?nFv_,11,1
J????B?nD~_,11,1
J????B?nB~_,11,2
J????B?nF~_,11,1
J????B?Nfa?,11,2
J????B?Ndq?,11,2
J????B?NfB?,11,1
J????B?Ndb?,11,2
J????B?Nfq?,11,2
J????B?Ndy?,11,2
J????B?Nfb?,11,2
J????B?Ndr?,11,2
J????B?N`z?,11,2
J????B?Nfa_,11,2
J????B?Ndq_,11,1
J????B?NfB_,11,1
J????B?Ndb_,11,1
J????B?Nfy?,11,2
J????B?Nd}?,11,2
J????B?Nfr?,11,2
J????B?Ndz?,11,2
J????B?N`~?,11,2
J????B?Nfq_,11,2
J????B?Ndy_,11,1
J????B?Nfb_,11,1
J????B?Ndr_,11,1
J????B?N`z_,11,1
J????B?Nf}?,11,2
J????B?Nfz?,11,2
J????B?Nd~?,11,2
J????B?Nfy_,11,2
J????B?Nd}_,11,1
J????B?Nfr_,11,1
J????B?Ndz_,11,1
J????B?N`~_,11,1
J????B?Nf~?,11,2
J????B?Nf}_,11,2
J????B?Nfz_,11,1
J????B?Nd~_,11,1
J????B?Nf~_,11,1
J????B?{M]?,11,2
J????B?{L]?,11,2
J????B?{H}?,11,2
J????B?{K^?,11,1
J????B?{H^?,11,2
J????B?{N]?,11,2
J????B?{L}?,11,2
J????B?{M^?,11,2
J????B?{L^?,11,2
J????B?{H~?,11,2
J????B?{M]_,11,2
J????B?{L]_,11,1
J????B?{H}_,11,1
J????B?{K^_,11,1
J????B?{H^_,11,1
J????B?{N}?,11,2
J????B?{N^?,11,2
J????B?{L~?,11,2
J????B?{N]_,11,2
J????B?{L}_,11,1
J????B?{M^_,11,1
J????B?{L^_,11,1
J????B?{H~_,11,1
J????B?{N~?,11,2
J????B?{N}_,11,2
J????B?{N^_,11,1
J????B?{L~_,11,1
J????B?{N~_,11,1
J????B?mMM?,11,2
J????B?mLM?,11,2
J????B?mJM?,11,2
J????B?mKN?,11,2
J????B?mIN?,11,1
J????B?mNM?,11,2
J????B?mLm?,11,2
J????B?mJm?,11,2
J????B?mH}?,11,2
J????B?mMN?,11,1
J????B?mLN?,11,2
J????B?mJN?,11,2
J????B?mHn?,11,2
J????B?mMM_,11,2
J????B?mLM_,11,2
J????B?mJM_,11,2
J????B?mKN_,11,2
J????B?mIN_,11,1
J????B?mNm?,11,2
J????B?mL}?,11,2
J????B?mJ}?,11,2
J????B?mNN?,11,2
J????B?mLn?,11,2
J????B?mJn?,11,2
J????B?mH~?,11,2
J????B?mNM_,11,2
J????B?mLm_,11,2
J????B?mJm_,11,2
J????B?mH}_,11,1
J????B?mMN_,11,1
J????B?mLN_,11,2
J????B?mJN_,11,2
J????B?mHn_,11,2
J????B?mN}?,11,2
J????B?mNn?,11,2
J????B?mL~?,11,2
J????B?mJ~?,11,2
J????B?mNm_,11,2
J????B?mL}_,11,1
J????B?mJ}_,11,2
J????B?mNN_,11,1
J????B?mLn_,11,2
J????B?mJn_,11,2
J????B?mH~_,11,1
J????B?mN~?,11,2
J????B?mN}_,11,2
J????B?mNn_,11,1
J????B?mL~_,11,1
J????B?mJ~_,11,2
J????B?mN~_,11,1
J????B?NNE?,11,2
J????B?NLe?,11,2
J????B?NHu?,11,2
J????B?NMF?,11,1
J????B?NLF?,11,2
J????B?NHf?,11,2
J????B?NNe?,11,2
J????B?NLu?,11,2
J????B?NH}?,11,2
J????B?NNF?,11,2
J????B?NLf?,11,2
J????B?NHv?,11,2
J????B?NNE_,11,2
J????B?NLe_,11,2
J????B?NHu_,11,1
J????B?NMF_,11,1
J????B?NLF_,11,2
J????B?NHf_,11,2
J????B?NNu?,11,2
J????B?NL}?,11,2
J????B?NNf?,11,2
J????B?NLv?,11,2
J????B?NH~?,11,2
J????B?NNe_,11,2
J????B?NLu_,11,2
J????B?NH}_,11,1
J????B?NNF_,11,1
J????B?NLf_,11,2
J????B?NHv_,11,2
J????B?NN}?,11,2
J????B?NNv?,11,2
J????B?NL~?,11,2
J????B?NNu_,11,2
J????B?NL}_,11,2
J????B?NNf_,11,1
J????B?NLv_,11,2
J????B?NH~_,11,1
J????B?NN~?,11,2
J????B?NN}_,11,2
J????B?NNv_,11,1
J????B?NL~_,11,1
J????B?NN~_,11,1
J????B?~Fe?,11,2
J????B?~Fu?,11,2
J????B?~D}?,11,2
J????B?~Ff?,11,2
J????B?~Dv?,11,2
J????B?~@~?,11,2
J????B?~Fe_,11,2
J????B?~F}?,11,2
J????B?~Fv?,11,2
J????B?~D~?,11,2
J????B?~Fu_,11,2
J????B?~D}_,11,2
J????B?~Ff_,11,2
J????B?~Dv_,11,2
J????B?~@~_,11,2
J????B?~F~?,11,2
J????B?~F}_,11,2
J????B?~Fv_,11,2
J????B?~D~_,11,2
J????B?~F~_,11,2
J????B?nfq?,11,2
J????B?ndy?,11,2
J????B?nby?,11,2
J????B?nfb?,11,2
J????B?nfy?,11,2
J????B?nd}?,11,2
J????B?nb}?,11,2
J????B?nfr?,11,2
J????B?ndz?,11,2
J????B?nbz?,11,2
J????B?n`~?,11,2
J????B?nfq_,11,2
J????B?ndy_,11,2
J????B?nby_,11,2
J????B?nfb_,11,1
J????B?nf}?,11,2
J????B?nfz?,11,2
J????B?nd~?,11,2
J????B?nb~?,11,2
J????B?nfy_,11,2
J????B?nd}_,11,1
J????B?nb}_,11,2
J????B?nfr_,11,1
J????B?ndz_,11,2
J????B?nbz_,11,2
J????B?n`~_,11,2
J????B?nf~?,11,2
J????B?nf}_,11,2
J????B?nfz_,11,1
J????B?nd~_,11,1
J????B?nb~_,11,2
J????B?nf~_,11,1
J????B?Nvw?,11,2
J????B?Nt{?,11,2
J????B?Nvp?,11,2
J????B?Ntx?,11,2
J????B?Nv{?,11,2
J????B?Nt}?,11,2
J????B?Nvx?,11,2
J????B?Nt|?,11,2
J????B?Np~?,11,2
J????B?Nvw_,11,2
J????B?Nt{_,11,1
J????B?Nvp_,11,1
J????B?Ntx_,11,1
J????B?Nv}?,11,2
J????B?Nv|?,11,2
J????B?Nt~?,11,2
J????B?Nv{_,11,2
J????B?Nt}_,11,1
J????B?Nvx_,11,1
J????B?Nt|_,11,1
J????B?Np~_,11,1
J????B?Nv~?,11,2
J????B?Nv}_,11,2
J????B?Nv|_,11,1
J????B?Nt~_,11,1
J????B?Nv~_,11,1
J????B?}NM?,11,2
J????B?}MN?,11,2
J????B?}Nm?,11,2
J????B?}L}?,11,2
J????B?}NN?,11,2
J????B?}Ln?,11,2
J????B?}H~?,11,2
J????B?}NM_,11,2
J????B?}MN_,11,1
J????B?}N}?,11,2
J????B?}Nn?,11,2
J????B?}L~?,11,2
J????B?}Nm_,11,2
J????B?}L}_,11,1
J????B?}NN_,11,1
J????B?}Ln_,11,1
J????B?}H~_,11,1
J????B?}N~?,11,2
J????B?}N}_,11,2
J????B?}Nn_,11,1
J????B?}L~_,11,1
J????B?}N~_,11,1
J????B?nNe?,11,2
J????B?nLu?,11,2
J????B?nJu?,11,2
J????B?nNF?,11,2
J????B?nLf?,11,2
J????B?nJf?,11,2
J????B?nNu?,11,2
J????B?nL}?,11,2
J????B?nJ}?,11,2
J????B?nNf?,11,2
J????B?nLv?,11,2
J????B?nJv?,11,2
J????B?nH~?,11,2
J????B?nNe_,11,2
J????B?nLu_,11,2
J????B?nJu_,11,2
J????B?nNF_,11,1
J????B?nLf_,11,2
J????B?nJf_,11,2
J????B?nN}?,11,2
J????B?nNv?,11,2
J????B?nL~?,11,2
J????B?nJ~?,11,2
J????B?nNu_,11,2
J????B?nL}_,11,1
J????B?nJ}_,11,2
J????B?nNf_,11,1
J????B?nLv_,11,2
J????B?nJv_,11,2
J????B?nH~_,11,1
J????B?nN~?,11,2
J????B?nN}_,11,2
J????B?nNv_,11,1
J????B?nL~_,11,1
J????B?nJ~_,11,2
J????B?nN~_,11,1
J????B?Nnq?,11,2
J????B?Nly?,11,2
J????B?Nh}?,11,2
J????B?Nnb?,11,2
J????B?Nlr?,11,2
J????B?Nhz?,11,2
J????B?Nny?,11,2
J????B?Nl}?,11,2
J????B?Nnr?,11,2
J????B?Nlz?,11,2
J????B?Nh~?,11,2
J????B?Nnq_,11,2
J????B?Nly_,11,2
J????B?Nh}_,11,1
J????B?Nnb_,11,1
J????B?Nlr_,11,2
J????B?Nhz_,11,2
J????B?Nn}?,11,2
J????B?Nnz?,11,2
J????B?Nl~?,11,2
J????B?Nny_,11,2
J????B?Nl}_,11,2
J????B?Nnr_,11,1
J????B?Nlz_,11,2
J????B?Nh~_,11,1
J????B?Nn~?,11,2
J????B?Nn}_,11,2
J????B?Nnz_,11,1
J????B?Nl~_,11,1
J????B?Nn~_,11,1
J????B?~fy?,11,2
J????B?~f}?,11,2
J????B?~fz?,11,2
J????B?~d~?,11,2
J????B?~fy_,11,2
J????B?~f~?,11,2
J????B?~f}_,11,2
J????B?~fz_,11,2
J????B?~d~_,11,2
J????B?~f~_,11,2
J????B?nv{?,11,2
J????B?nt}?,11,2
J????B?nr}?,11,2
J????B?nvx?,11,2
J????B?nv}?,11,2
J????B?nv|?,11,2
J????B?nt~?,11,2
J????B?nr~?,11,2
J????B?nv{_,11,2
J????B?nt}_,11,1
J????B?nr}_,11,2
J????B?nvx_,11,1
J????B?nv~?,11,2
J????B?nv}_,11,2
J????B?nv|_,11,1
J????B?nt~_,11,1
J????B?nr~_,11,2
J????B?nv~_,11,1
J????B?~Nu?,11,2
J????B?~Nf?,11,2
J????B?~N}?,11,2
J????B?~Nv?,11,2
J????B?~L~?,11,2
J????B?~Nu_,11,2
J????B?~Nf_,11,1
J????B?~N~?,11,2
J????B?~N}_,11,2
J????B?~Nv_,11,1
J????B?~L~_,11,1
J????B?~N~_,11,1
J????B?nny?,11,2
J????B?nl}?,11,2
J????B?nj}?,11,2
J????B?nnr?,11,2
J????B?nlz?,11,2
J????B?njz?,11,2
J????B?nn}?,11,2
J????B?nnz?,11,2
J????B?nl~?,11,2
J????B?nj~?,11,2
J????B?nny_,11,2
J????B?nl}_,11,1
J????B?nj}_,11,2
J????B?nnr_,11,1
J????B?nlz_,11,2
J????B?njz_,11,2
J????B?nn~?,11,2
J????B?nn}_,11,2
J????B?nnz_,11,1
J????B?nl~_,11,1
J????B?nj~_,11,2
J????B?nn~_,11,1
J????B?N~{?,11,2
J????B?N|}?,11,2
J????B?N~x?,11,2
J????B?N||?,11,2
J????B?Nx~?,11,2
J????B?N~}?,11,2
J????B?N~|?,11,2
J????B?N|~?,11,2
J????B?N~{_,11,2
J????B?N|}_,11,2
J????B?N~x_,11,1
J????B?N||_,11,1
J????B?Nx~_,11,1
J????B?N~~?,11,2
J????B?N~}_,11,2
J????B?N~|_,11,1
J????B?N|~_,11,1
J????B?N~~_,11,1
J????B?~v}?,11,2
J????B?~v~?,11,2
J????B?~v}_,11,2
J????B?~v~_,11,2
J????B?~n}?,11,2
J????B?~nz?,11,2
J????B?~n~?,11,2
J????B?~n}_,11,2
J????B?~nz_,11,1
J????B?~n~_,11,1
J????B?n~}?,11,2
J????B?n~|?,11,2
J????B?n|~?,11,2
J????B?nz~?,11,2
J????B?n~~?,11,2
J????B?n~}_,11,2
J????B?n~|_,11,1
J????B?n|~_,11,1
J????B?nz~_,11,2
J????B?n~~_,11,1
J????B?~~~?,11,2
J????B?~~~_,11,1
J????B_wC}?,11,2
J????B_w?~?,11,2
J????B_wE}?,11,2
J????B_wC~?,11,2
J????B_w?~_,11,2
J????B_wF}?,11,2
J????B_wE~?,11,2
J????B_wC~_,11,2
J????B_wF~?,11,2
J????B_wE~_,11,2
J????B_wF~_,11,2
J????B_sC]?,11,2
J????B_s@]?,11,2
J????B_s?^?,11,2
J????B_sE]?,11,2
J????B_sD]?,11,2
J????B_s@}?,11,2
J????B_sC^?,11,2
J????B_s@^?,11,2
J????B_s?~?,11,2
J????B_s?^_,11,2
J????B_sF]?,11,2
J????B_sD}?,11,2
J????B_sE^?,11,2
J????B_sD^?,11,2
J????B_sC~?,11,2
J????B_s@~?,11,2
J????B_sC^_,11,2
J????B_s@^_,11,2
J????B_sF}?,11,2
J????B_sF^?,11,2
J????B_sE~?,11,2
J????B_sD~?,11,2
J????B_sE^_,11,2
J????B_sD^_,11,2
J????B_s@~_,11,2
J????B_sF~?,11,2
J????B_sF^_,11,2
J????B_sD~_,11,2
J????B_sF~_,11,2
J????B_eCM?,11,2
J????B_eAM?,11,1
J????B_eEM?,11,2
J????B_eBM?,11,2
J????B_eAm?,11,2
J????B_eCN?,11,2
J????B_eAN?,11,1
J????B_e?n?,11,2
J????B_e?N_,11,2
J????B_eFM?,11,2
J????B_eEm?,11,2
J????B_eBm?,11,2
J????B_eEN?,11,2
J????B_eBN?,11,1
J????B_eCn?,11,2
J????B_eAn?,11,2
J????B_e?~?,11,2
J????B_eCN_,11,2
J????B_eAN_,11,2
J????B_eFm?,11,2
J????B_eB}?,11,2
J????B_eFN?,11,1
J????B_eEn?,11,2
J????B_eBn?,11,2
J????B_eC~?,11,2
J????B_eA~?,11,2
J????B_eEN_,11,2
J????B_eBN_,11,2
J????B_eAn_,11,2
J????B_eF}?,11,2
J????B_eFn?,11,2
J????B_eE~?,11,2
J????B_eB~?,11,2
J????B_eFN_,11,1
J????B_eEn_,11,2
J????B_eBn_,11,2
J????B_eF~?,11,2
J????B_eFn_,11,1
J????B_eB~_,11,2
J????B_eF~_,11,1
J????B_FCe?,11,1
J????B_F?f?,11,1
J????B_F?F_,11,1
J????B_FEe?,11,2
J????B_FCf?,11,1
J????B_F?v?,11,2
J????B_FCF_,11,1
J????B_FFe?,11,2
J????B_FEu?,11,2
J????B_FEf?,11,1
J????B_FCv?,11,2
J????B_F?~?,11,2
J????B_FEF_,11,1
J????B_FCf_,11,1
J????B_FFu?,11,2
J????B_FFf?,11,1
J????B_FEv?,11,2
J????B_FC~?,11,2
J????B_FFF_,11,1
J????B_FEf_,11,1
J????B_FF}?,11,2
J????B_FFv?,11,2
J????B_FE~?,11,2
J????B_FFf_,11,1
J????B_FEv_,11,1
J????B_FF~?,11,2
J????B_FFv_,11,1
J????B_FF~_,11,1
J????B_{C]?,11,2
J????B_{?}?,11,2
J????B_{?^?,11,2
J????B_{E]?,11,2
J????B_{C}?,11,2
J????B_{C^?,11,2
J????B_{?~?,11,2
J????B_{C]_,11,2
J????B_{?}_,11,2
J????B_{?^_,11,2
J????B_{F]?,11,2
J????B_{E}?,11,2
J????B_{E^?,11,2
J????B_{C~?,11,2
J????B_{E]_,11,2
J????B_{C}_,11,2
J????B_{C^_,11,2
J????B_{?~_,11,2
J????B_{F}?,11,2
J????B_{F^?,11,2
J????B_{E~?,11,2
J????B_{F]_,11,2
J????B_{E}_,11,2
J????B_{E^_,11,2
J????B_{C~_,11,2
J????B_{F~?,11,2
J????B_{F}_,11,2
J????B_{F^_,11,2
J????B_{E~_,11,2
J????B_{F~_,11,2
J????B_u?N?,11,2
J????B_uEM?,11,2
J????B_uDM?,11,2
J????B_uCm?,11,2
J????B_u@m?,11,2
J????B_u?}?,11,2
J????B_uCN?,11,2
J????B_u@N?,11,2
J????B_u?n?,11,2
J????B_uFM?,11,2
J????B_uEm?,11,2
J????B_uDm?,11,2
J????B_uC}?,11,2
J????B_u@}?,11,2
J????B_uEN?,11,2
J????B_uDN?,11,2
J????B_uCn?,11,2
J????B_u@n?,11,2
J????B_u?~?,11,2
J????B_uEM_,11,2
J????B_uDM_,11,2
J????B_uCm_,11,2
J????B_u@m_,11,2
J????B_u?}_,11,2
J????B_uCN_,11,2
J????B_u@N_,11,2
J????B_u?n_,11,2
J????B_uFm?,11,2
J????B_uE}?,11,2
J????B_uD}?,11,2
J????B_uFN?,11,2
J????B_uEn?,11,2
J????B_uDn?,11,2
J????B_uC~?,11,2
J????B_u@~?,11,2
J????B_uFM_,11,2
J????B_uEm_,11,2
J????B_uDm_,11,2
J????B_uC}_,11,2
J????B_u@}_,11,2
J????B_uEN_,11,2
J????B_uDN_,11,2
J????B_uCn_,11,2
J????B_u@n_,11,2
J????B_u?~_,11,2
J????B_uF}?,11,2
J????B_uFn?,11,2
J????B_uE~?,11,2
J????B_uD~?,11,2
J????B_uFm_,11,2
J????B_uE}_,11,2
J????B_uD}_,11,2
J????B_uFN_,11,2
J????B_uEn_,11,2
J????B_uDn_,11,2
J????B_uC~_,11,2
J????B_u@~_,11,2
J????B_uF~?,11,2
J????B_uF}_,11,2
J????B_uFn_,11,2
J????B_uE~_,11,2
J????B_uD~_,11,2
J????B_uF~_,11,2
J????B_fEE?,11,2
J????B_fBE?,11,2
J????B_fCe?,11,2
J????B_fAe?,11,2
J????B_fCF?,11,2
J????B_fAF?,11,1
J????B_f?f?,11,2
J????B_fFE?,11,2
J????B_fEe?,11,2
J????B_fBe?,11,2
J????B_fCu?,11,2
J????B_fAu?,11,2
J????B_f?}?,11,2
J????B_fEF?,11,2
J????B_fBF?,11,1
J????B_fCf?,11,2
J????B_fAf?,11,2
J????B_f?v?,11,2
J????B_fEE_,11,2
J????B_fBE_,11,2
J????B_fCe_,11,2
J????B_fAe_,11,2
J????B_fFe?,11,2
J????B_fEu?,11,2
J????B_fBu?,11,2
J????B_fC}?,11,2
J????B_fA}?,11,2
J????B_fFF?,11,1
J????B_fEf?,11,2
J????B_fBf?,11,2
J????B_fCv?,11,2
J????B_fAv?,11,2
J????B_f?~?,11,2
J????B_fFE_,11,2
J????B_fEe_,11,2
J????B_fBe_,11,2
J????B_fCu_,11,2
J????B_fAu_,11,2
J????B_f?}_,11,1
J????B_fEF_,11,2
J????B_fBF_,11,2
J????B_fCf_,11,2
J????B_fAf_,11,2
J????B_f?v_,11,2
J????B_fFu?,11,2
J????B_fE}?,11,2
J????B_fB}?,11,2
J????B_fFf?,11,2
J????B_fEv?,11,2
J????B_fBv?,11,2
J????B_fC~?,11,2
J????B_fA~?,11,2
J????B_fFe_,11,2
J????B_fEu_,11,2
J????B_fBu_,11,2
J????B_fC}_,11,1
J????B_fA}_,11,2
J????B_fFF_,11,1
J????B_fEf_,11,2
J????B_fBf_,11,2
J????B_fCv_,11,2
J????B_fAv_,11,2
J????B_f?~_,11,2
J????B_fF}?,11,2
J????B_fFv?,11,2
J????B_fE~?,11,2
J????B_fB~?,11,2
J????B_fFu_,11,2
J????B_fE}_,11,2
J????B_fB}_,11,2
J????B_fFf_,11,1
J????B_fEv_,11,2
J????B_fBv_,11,2
J????B_fC~_,11,1
J????B_fA~_,11,2
J????B_fF~?,11,2
J????B_fF}_,11,2
J????B_fFv_,11,1
J????B_fE~_,11,1
J????B_fB~_,11,2
J????B_fF~_,11,1
J????B_Fea?,11,2
J????B_Fcq?,11,2
J????B_Ffa?,11,2
J????B_Feq?,11,2
J????B_Fcy?,11,2
J????B_Feb?,11,1
J????B_Fcr?,11,2
J????B_F_z?,11,2
J????B_FfA_,11,2
J????B_Fea_,11,2
J????B_Fcq_,11,1
J????B_FeB_,11,1
J????B_Fcb_,11,1
J????B_Ffq?,11,2
J????B_Fey?,11,2
J????B_Fc}?,11,2
J????B_Ffb?,11,1
J????B_Fer?,11,2
J????B_Fcz?,11,2
J????B_F_~?,11,2
J????B_Ffa_,11,2
J????B_Feq_,11,2
J????B_Fcy_,11,1
J????B_FfB_,11,1
J????B_Feb_,11,1
J????B_Fcr_,11,1
J????B_F_z_,11,1
J????B_Ffy?,11,2
J????B_Fe}?,11,2
J????B_Ffr?,11,2
J????B_Fez?,11,2
J????B_Fc~?,11,2
J????B_Ffq_,11,2
J????B_Fey_,11,2
J????B_Fc}_,11,1
J????B_Ffb_,11,1
J????B_Fer_,11,1
J????B_Fcz_,11,1
J????B_F_~_,11,1
J????B_Ff}?,11,2
J????B_Ffz?,11,2
J????B_Fe~?,11,2
J????B_Ffy_,11,2
J????B_Fe}_,11,2
J????B_Ffr_,11,1
J????B_Fez_,11,1
J????B_Fc~_,11,1
J????B_Ff~?,11,2
J????B_Ff}_,11,2
J????B_Ffz_,11,1
J????B_Fe~_,11,1
J????B_Ff~_,11,1
J????B_wK}?,11,1
J????B_wG~?,11,1
J????B_wM}?,11,2
J????B_wK~?,11,1
J????B_wG~_,11,1
J????B_wN}?,11,2
J????B_wM~?,11,2
J????B_wK~_,11,1
J????B_wN~?,11,2
J????B_wM~_,11,1
J????B_wN~_,11,1
J????B_sK]?,11,2
J????B_sH]?,11,1
J????B_sM]?,11,2
J????B_sL]?,11,2
J????B_sH}?,11,2
J????B_sK^?,11,2
J????B_sH^?,11,1
J????B_sG~?,11,2
J????B_sG^_,11,2
J????B_sN]?,11,2
J????B_sL}?,11,2
J????B_sM^?,11,2
J????B_sL^?,11,1
J????B_sK~?,11,2
J????B_sH~?,11,2
J????B_sK^_,11,2
J????B_sH^_,11,1
J????B_sN}?,11,2
J????B_sN^?,11,2
J????B_sM~?,11,2
J????B_sL~?,11,2
J????B_sM^_,11,2
J????B_sL^_,11,1
J????B_sH~_,11,2
J????B_sN~?,11,2
J????B_sN^_,11,1
J????B_sL~_,11,2
J????B_sN~_,11,1
J????B_eMM?,11,2
J????B_eJM?,11,2
J????B_eIm?,11,2
J????B_eKN?,11,2
J????B_eGn?,11,2
J????B_eGN_,11,2
J????B_eNM?,11,2
J????B_eMm?,11,2
J????B_eJm?,11,2
J????B_eMN?,11,2
J????B_eJN?,11,1
J????B_eKn?,11,2
J????B_eIn?,11,2
J????B_eG~?,11,2
J????B_eKN_,11,2
J????B_eIN_,11,2
J????B_eNm?,11,2
J????B_eJ}?,11,2
J????B_eNN?,11,1
J????B_eMn?,11,2
J????B_eJn?,11,2
J????B_eK~?,11,2
J????B_eI~?,11,2
J????B_eMN_,11,2
J????B_eJN_,11,1
J????B_eIn_,11,2
J????B_eN}?,11,2
J????B_eNn?,11,2
J????B_eM~?,11,2
J????B_eJ~?,11,2
J????B_eNN_,11,1
J????B_eMn_,11,2
J????B_eJn_,11,2
J????B_eN~?,11,2
J????B_eNn_,11,1
J????B_eJ~_,11,2
J????B_eN~_,11,1
J????B_FNE?,11,2
J????B_FMe?,11,2
J????B_FMF?,11,1
J????B_FKf?,11,2
J????B_FGv?,11,2
J????B_FNe?,11,2
J????B_FMu?,11,2
J????B_FNF?,11,1
J????B_FMf?,11,2
J????B_FKv?,11,2
J????B_FG~?,11,2
J????B_FMF_,11,2
J????B_FKf_,11,2
J????B_FNu?,11,2
J????B_FNf?,11,2
J????B_FMv?,11,2
J????B_FK~?,11,2
J????B_FNF_,11,1
J????B_FMf_,11,2
J????B_FN}?,11,2
J????B_FNv?,11,2
J????B_FM~?,11,2
J????B_FNf_,11,1
J????B_FMv_,11,2
J????B_FN~?,11,2
J????B_FNv_,11,1
J????B_FN~_,11,1
J????B_}FM?,11,2
J????B_}Em?,11,2
J????B_}C}?,11,2
J????B_}EN?,11,2
J????B_}Cn?,11,2
J????B_}?~?,11,2
J????B_}Fm?,11,2
J????B_}E}?,11,2
J????B_}FN?,11,2
J????B_}En?,11,2
J????B_}C~?,11,2
J????B_}FM_,11,2
J????B_}Em_,11,2
J????B_}C}_,11,2
J????B_}EN_,11,2
J????B_}Cn_,11,2
J????B_}?~_,11,2
J????B_}F}?,11,2
J????B_}Fn?,11,2
J????B_}E~?,11,2
J????B_}Fm_,11,2
J????B_}E}_,11,2
J????B_}FN_,11,2
J????B_}En_,11,2
J????B_}C~_,11,2
J????B_}F~?,11,2
J????B_}F}_,11,2
J????B_}Fn_,11,2
J????B_}E~_,11,2
J????B_}F~_,11,2
J????B_vFE?,11,2
J????B_vEe?,11,2
J????B_vDe?,11,2
J????B_vFe?,11,2
J????B_vEu?,11,2
J????B_vDu?,11,2
J????B_vC}?,11,2
J????B_v@}?,11,2
J????B_vFF?,11,2
J????B_vEf?,11,2
J????B_vDf?,11,2
J????B_vCv?,11,2
J????B_v@v?,11,2
J????B_v?~?,11,2
J????B_vFE_,11,2
J????B_vEe_,11,2
J????B_vDe_,11,2
J????B_vFu?,11,2
J????B_vE}?,11,2
J????B_vD}?,11,2
J????B_vFf?,11,2
J????B_vEv?,11,2
J????B_vDv?,11,2
J????B_vC~?,11,2
J????B_v@~?,11,2
J????B_vFe_,11,2
J????B_vEu_,11,2
J????B_vDu_,11,2
J????B_vC}_,11,2
J????B_v@}_,11,2
J????B_vFF_,11,2
J????B_vEf_,11,2
J????B_vDf_,11,2
J????B_vCv_,11,2
J????B_v@v_,11,2
J????B_v?~_,11,2
J????B_vF}?,11,2
J????B_vFv?,11,2
J????B_vE~?,11,2
J????B_vD~?,11,2
J????B_vFu_,11,2
J????B_vE}_,11,2
J????B_vD}_,11,2
J????B_vFf_,11,2
J????B_vEv_,11,2
J????B_vDv_,11,2
J????B_vC~_,11,2
J????B_v@~_,11,2
J????B_vF~?,11,2
J????B_vF}_,11,2
J????B_vFv_,11,2
J????B_vE~_,11,2
J????B_vD~_,11,2
J????B_vF~_,11,2
J????B_ffa?,11,2
J????B_feq?,11,2
J????B_fbq?,11,2
J????B_fcy?,11,2
J????B_fay?,11,2
J????B_ffB?,11,1
J????B_feb?,11,2
J????B_fbb?,11,2
J????B_ffq?,11,2
J????B_fey?,11,2
J????B_fby?,11,2
J????B_fc}?,11,2
J????B_fa}?,11,2
J????B_ffb?,11,2
J????B_fer?,11,2
J????B_fbr?,11,2
J????B_fcz?,11,2
J????B_faz?,11,2
J????B_f_~?,11,2
J????B_ffa_,11,2
J????B_feq_,11,2
J????B_fbq_,11,2
J????B_fcy_,11,2
J????B_fay_,11,2
J????B_ffB_,11,1
J????B_feb_,11,2
J????B_fbb_,11,2
J????B_ffy?,11,2
J????B_fe}?,11,2
J????B_fb}?,11,2
J????B_ffr?,11,2
J????B_fez?,11,2
J????B_fbz?,11,2
J????B_fc~?,11,2
J????B_fa~?,11,2
J????B_ffq_,11,2
J????B_fey_,11,2
J????B_fby_,11,2
J????B_fc}_,11,1
J????B_fa}_,11,2
J????B_ffb_,11,1
J????B_fer_,11,2
J????B_fbr_,11,2
J????B_fcz_,11,2
J????B_faz_,11,2
J????B_f_~_,11,2
J????B_ff}?,11,2
J????B_ffz?,11,2
J????B_fe~?,11,2
J????B_fb~?,11,2
J????B_ffy_,11,2
J????B_fe}_,11,2
J????B_fb}_,11,2
J????B_ffr_,11,1
J????B_fez_,11,2
J????B_fbz_,11,2
J????B_fc~_,11,1
J????B_fa~_,11,2
J????B_ff~?,11,2
J????B_ff}_,11,2
J????B_ffz_,11,1
J????B_fe~_,11,1
J????B_fb~_,11,2
J????B_ff~_,11,1
J????B_Fvo?,11,2
J????B_Fuw?,11,2
J????B_Fs{?,11,2
J????B_Fv`?,11,1
J????B_Fup?,11,2
J????B_Fsx?,11,2
J????B_Fvw?,11,2
J????B_Fu{?,11,2
J????B_Fs}?,11,2
J????B_Fvp?,11,2
J????B_Fux?,11,2
J????B_Fs|?,11,2
J????B_Fo~?,11,2
J????B_Fvo_,11,2
J????B_Fuw_,11,2
J????B_Fs{_,11,1
J????B_Fv`_,11,1
J????B_Fup_,11,1
J????B_Fsx_,11,1
J????B_Fv{?,11,2
J????B_Fu}?,11,2
J????B_Fvx?,11,2
J????B_Fu|?,11,2
J????B_Fs~?,11,2
J????B_Fvw_,11,2
J????B_Fu{_,11,2
J????B_Fs}_,11,1
J????B_Fvp_,11,1
J????B_Fux_,11,1
J????B_Fs|_,11,1
J????B_Fo~_,11,1
J????B_Fv}?,11,2
J????B_Fv|?,11,2
J????B_Fu~?,11,2
J????B_Fv{_,11,2
J????B_Fu}_,11,2
J????B_Fvx_,11,1
J????B_Fu|_,11,1
J????B_Fs~_,11,1
J????B_Fv~?,11,2
J????B_Fv}_,11,2
J????B_Fv|_,11,1
J????B_Fu~_,11,1
J????B_Fv~_,11,1
J????B_{M]?,11,2
J????B_{K}?,11,2
J????B_{K^?,11,1
J????B_{G~?,11,2
J????B_{N]?,11,2
J????B_{M}?,11,2
J????B_{M^?,11,2
J????B_{K~?,11,2
J????B_{M]_,11,2
J????B_{K}_,11,1
J????B_{K^_,11,1
J????B_{G~_,11,1
J????B_{N}?,11,2
J????B_{N^?,11,2
J????B_{M~?,11,2
J????B_{N]_,11,2
J????B_{M}_,11,2
J????B_{M^_,11,1
J????B_{K~_,11,1
J????B_{N~?,11,2
J????B_{N}_,11,2
J????B_{N^_,11,1
J????B_{M~_,11,1
J????B_{N~_,11,1
J????B_uMM?,11,2
J????B_uLM?,11,2
J????B_uNM?,11,2
J????B_uMm?,11,2
J????B_uLm?,11,2
J????B_uK}?,11,2
J????B_uH}?,11,2
J????B_uMN?,11,2
J????B_uLN?,11,1
J????B_uKn?,11,2
J????B_uHn?,11,2
J????B_uG~?,11,2
J????B_uMM_,11,2
J????B_uLM_,11,2
J????B_uNm?,11,2
J????B_uM}?,11,2
J????B_uL}?,11,2
J????B_uNN?,11,2
J????B_uMn?,11,2
J????B_uLn?,11,2
J????B_uK~?,11,2
J????B_uH~?,11,2
J????B_uNM_,11,2
J????B_uMm_,11,2
J????B_uLm_,11,2
J????B_uK}_,11,1
J????B_uH}_,11,2
J????B_uMN_,11,2
J????B_uLN_,11,1
J????B_uKn_,11,2
J????B_uHn_,11,2
J????B_uG~_,11,1
J????B_uN}?,11,2
J????B_uNn?,11,2
J????B_uM~?,11,2
J????B_uL~?,11,2
J????B_uNm_,11,2
J????B_uM}_,11,2
J????B_uL}_,11,2
J????B_uNN_,11,1
J????B_uMn_,11,2
J????B_uLn_,11,2
J????B_uK~_,11,1
J????B_uH~_,11,2
J????B_uN~?,11,2
J????B_uN}_,11,2
J????B_uNn_,11,1
J????B_uM~_,11,1
J????B_uL~_,11,2
J????B_uN~_,11,1
J????B_fNE?,11,2
J????B_fMe?,11,2
J????B_fJe?,11,2
J????B_fKu?,11,2
J????B_fIu?,11,2
J????B_fNe?,11,2
J????B_fMu?,11,2
J????B_fJu?,11,2
J????B_fK}?,11,2
J????B_fI}?,11,2
J????B_fNF?,11,1
J????B_fMf?,11,2
J????B_fJf?,11,2
J????B_fKv?,11,2
J????B_fIv?,11,2
J????B_fG~?,11,2
J????B_fNE_,11,2
J????B_fMe_,11,2
J????B_fJe_,11,2
J????B_fKu_,11,2
J????B_fIu_,11,2
J????B_fMF_,11,2
J????B_fJF_,11,1
J????B_fKf_,11,2
J????B_fIf_,11,2
J????B_fNu?,11,2
J????B_fM}?,11,2
J????B_fJ}?,11,2
J????B_fNf?,11,2
J????B_fMv?,11,2
J????B_fJv?,11,2
J????B_fK~?,11,2
J????B_fI~?,11,2
J????B_fNe_,11,2
J????B_fMu_,11,2
J????B_fJu_,11,2
J????B_fK}_,11,1
J????B_fI}_,11,2
J????B_fNF_,11,1
J????B_fMf_,11,2
J????B_fJf_,11,2
J????B_fKv_,11,2
J????B_fIv_,11,2
J????B_fG~_,11,1
J????B_fN}?,11,2
J????B_fNv?,11,2
J????B_fM~?,11,2
J????B_fJ~?,11,2
J????B_fNu_,11,2
J????B_fM}_,11,2
J????B_fJ}_,11,2
J????B_fNf_,11,1
J????B_fMv_,11,2
J????B_fJv_,11,2
J????B_fK~_,11,1
J????B_fI~_,11,2
J????B_fN~?,11,2
J????B_fN}_,11,2
J????B_fNv_,11,1
J????B_fM~_,11,1
J????B_fJ~_,11,2
J????B_fN~_,11,1
J????B_Fna?,11,2
J????B_Fmq?,11,2
J????B_Fky?,11,2
J????B_Fg}?,11,2
J????B_Fnq?,11,2
J????B_Fmy?,11,2
J????B_Fk}?,11,2
J????B_Fnb?,11,2
J????B_Fmr?,11,2
J????B_Fkz?,11,2
J????B_Fg~?,11,2
J????B_Fna_,11,2
J????B_Fmq_,11,2
J????B_Fky_,11,2
J????B_Fg}_,11,1
J????B_FnB_,11,1
J????B_Fmb_,11,2
J????B_Fkr_,11,2
J????B_Fgz_,11,2
J????B_Fny?,11,2
J????B_Fm}?,11,2
J????B_Fnr?,11,2
J????B_Fmz?,11,2
J????B_Fk~?,11,2
J????B_Fnq_,11,2
J????B_Fmy_,11,2
J????B_Fk}_,11,2
J????B_Fnb_,11,1
J????B_Fmr_,11,2
J????B_Fkz_,11,2
J????B_Fg~_,11,1
J????B_Fn}?,11,2
J????B_Fnz?,11,2
J????B_Fm~?,11,2
J????B_Fny_,11,2
J????B_Fm}_,11,2
J????B_Fnr_,11,1
J????B_Fmz_,11,2
J????B_Fk~_,11,1
J????B_Fn~?,11,2
J????B_Fn}_,11,2
J????B_Fnz_,11,1
J????B_Fm~_,11,1
J????B_Fn~_,11,1
J????B_~Fe?,11,2
J????B_~Fu?,11,2
J????B_~E}?,11,2
J????B_~Ff?,11,2
J????B_~Ev?,11,2
J????B_~C~?,11,2
J????B_~Fe_,11,2
J????B_~F}?,11,2
J????B_~Fv?,11,2
J????B_~E~?,11,2
J????B_~Fu_,11,2
J????B_~E}_,11,2
J????B_~Ff_,11,2
J????B_~Ev_,11,2
J????B_~C~_,11,2
J????B_~F~?,11,2
J????B_~F}_,11,2
J????B_~Fv_,11,2
J????B_~E~_,11,2
J????B_~F~_,11,2
J????B_vfq?,11,2
J????B_vey?,11,2
J????B_vdy?,11,2
J????B_vfb?,11,2
J????B_vfy?,11,2
J????B_ve}?,11,2
J????B_vd}?,11,2
J????B_vfr?,11,2
J????B_vez?,11,2
J????B_vdz?,11,2
J????B_vc~?,11,2
J????B_v`~?,11,2
J????B_vfq_,11,2
J????B_vey_,11,2
J????B_vdy_,11,2
J????B_vfb_,11,2
J????B_vf}?,11,2
J????B_vfz?,11,2
J????B_ve~?,11,2
J????B_vd~?,11,2
J????B_vfy_,11,2
J????B_ve}_,11,2
J????B_vd}_,11,2
J????B_vfr_,11,2
J????B_vez_,11,2
J????B_vdz_,11,2
J????B_vc~_,11,2
J????B_v`~_,11,2
J????B_vf~?,11,2
J????B_vf}_,11,2
J????B_vfz_,11,2
J????B_ve~_,11,2
J????B_vd~_,11,2
J????B_vf~_,11,2
J????B_fvw?,11,2
J????B_fu{?,11,2
J????B_fr{?,11,2
J????B_fs}?,11,2
J????B_fq}?,11,2
J????B_fvp?,11,2
J????B_fux?,11,2
J????B_frx?,11,2
J????B_fv{?,11,2
J????B_fu}?,11,2
J????B_fr}?,11,2
J????B_fvx?,11,2
J????B_fu|?,11,2
J????B_fr|?,11,2
J????B_fs~?,11,2
J????B_fq~?,11,2
J????B_fvw_,11,2
J????B_fu{_,11,2
J????B_fr{_,11,2
J????B_fs}_,11,1
J????B_fq}_,11,2
J????B_fvp_,11,1
J????B_fux_,11,1
J????B_frx_,11,2
J????B_fv}?,11,2
J????B_fv|?,11,2
J????B_fu~?,11,2
J????B_fr~?,11,2
J????B_fv{_,11,2
J????B_fu}_,11,2
J????B_fr}_,11,2
J????B_fvx_,11,1
J????B_fu|_,11,1
J????B_fr|_,11,2
J????B_fs~_,11,1
J????B_fq~_,11,2
J????B_fv~?,11,2
J????B_fv}_,11,2
J????B_fv|_,11,1
J????B_fu~_,11,1
J????B_fr~_,11,2
J????B_fv~_,11,1
J????B_}NM?,11,2
J????B_}Nm?,11,2
J????B_}M}?,11,2
J????B_}NN?,11,2
J????B_}Mn?,11,2
J????B_}K~?,11,2
J????B_}NM_,11,2
J????B_}N}?,11,2
J????B_}Nn?,11,2
J????B_}M~?,11,2
J????B_}Nm_,11,2
J????B_}M}_,11,2
J????B_}NN_,11,1
J????B_}Mn_,11,1
J????B_}K~_,11,1
J????B_}N~?,11,2
J????B_}N}_,11,2
J????B_}Nn_,11,1
J????B_}M~_,11,1
J????B_}N~_,11,1
J????B_vNe?,11,2
J????B_vMu?,11,2
J????B_vLu?,11,2
J????B_vNF?,11,2
J????B_vMf?,11,2
J????B_vLf?,11,2
J????B_vNu?,11,2
J????B_vM}?,11,2
J????B_vL}?,11,2
J????B_vNf?,11,2
J????B_vMv?,11,2
J????B_vLv?,11,2
J????B_vK~?,11,2
J????B_vH~?,11,2
J????B_vNe_,11,2
J????B_vMu_,11,2
J????B_vLu_,11,2
J????B_vNF_,11,1
J????B_vMf_,11,2
J????B_vLf_,11,2
J????B_vN}?,11,2
J????B_vNv?,11,2
J????B_vM~?,11,2
J????B_vL~?,11,2
J????B_vNu_,11,2
J????B_vM}_,11,2
J????B_vL}_,11,2
J????B_vNf_,11,1
J????B_vMv_,11,2
J????B_vLv_,11,2
J????B_vK~_,11,1
J????B_vH~_,11,2
J????B_vN~?,11,2
J????B_vN}_,11,2
J????B_vNv_,11,1
J????B_vM~_,11,1
J????B_vL~_,11,2
J????B_vN~_,11,1
J????B_fnq?,11,2
J????B_fmy?,11,2
J????B_fjy?,11,2
J????B_fk}?,11,2
J????B_fi}?,11,2
J????B_fnb?,11,2
J????B_fmr?,11,2
J????B_fjr?,11,2
J????B_fkz?,11,2
J????B_fiz?,11,2
J????B_fny?,11,2
J????B_fm}?,11,2
J????B_fj}?,11,2
J????B_fnr?,11,2
J????B_fmz?,11,2
J????B_fjz?,11,2
J????B_fk~?,11,2
J????B_fi~?,11,2
J????B_fnq_,11,2
J????B_fmy_,11,2
J????B_fjy_,11,2
J????B_fk}_,11,1
J????B_fi}_,11,2
J????B_fnb_,11,1
J????B_fmr_,11,2
J????B_fjr_,11,2
J????B_fkz_,11,2
J????B_fiz_,11,2
J????B_fn}?,11,2
J????B_fnz?,11,2
J????B_fm~?,11,2
J????B_fj~?,11,2
J????B_fny_,11,2
J????B_fm}_,11,2
J????B_fj}_,11,2
J????B_fnr_,11,1
J????B_fmz_,11,2
J????B_fjz_,11,2
J????B_fk~_,11,1
J????B_fi~_,11,2
J????B_fn~?,11,2
J????B_fn}_,11,2
J????B_fnz_,11,1
J????B_fm~_,11,1
J????B_fj~_,11,2
J????B_fn~_,11,1
J????B_F~w?,11,2
J????B_F}{?,11,2
J????B_F{}?,11,2
J????B_F~p?,11,2
J????B_F}x?,11,2
J????B_F{|?,11,2
J????B_Fw~?,11,2
J????B_F~{?,11,2
J????B_F}}?,11,2
J????B_F~x?,11,2
J????B_F}|?,11,2
J????B_F{~?,11,2
J????B_F~w_,11,2
J????B_F}{_,11,2
J????B_F{}_,11,2
J????B_F~p_,11,1
J????B_F}x_,11,1
J????B_F{|_,11,1
J????B_Fw~_,11,1
J????B_F~}?,11,2
J????B_F~|?,11,2
J????B_F}~?,11,2
J????B_F~{_,11,2
J????B_F}}_,11,2
J????B_F~x_,11,1
J????B_F}|_,11,1
J????B_F{~_,11,1
J????B_F~~?,11,2
J????B_F~}_,11,2
J????B_F~|_,11,1
J????B_F}~_,11,1
J????B_F~~_,11,1
J????B_~fy?,11,2
J????B_~f}?,11,2
J????B_~fz?,11,2
J????B_~e~?,11,2
J????B_~fy_,11,2
J????B_~f~?,11,2
J????B_~f}_,11,2
J????B_~fz_,11,2
J????B_~e~_,11,2
J????B_~f~_,11,2
J????B_vv{?,11,2
J????B_vu}?,11,2
J????B_vt}?,11,2
J????B_vvx?,11,2
J????B_vv}?,11,2
J????B_vv|?,11,2
J????B_vu~?,11,2
J????B_vt~?,11,2
J????B_vv{_,11,2
J????B_vu}_,11,2
J????B_vt}_,11,2
J????B_vvx_,11,2
J????B_vv~?,11,2
J????B_vv}_,11,2
J????B_vv|_,11,2
J????B_vu~_,11,2
J????B_vt~_,11,2
J????B_vv~_,11,2
J????B_~Nu?,11,2
J????B_~Nf?,11,2
J????B_~N}?,11,2
J????B_~Nv?,11,2
J????B_~M~?,11,2
J????B_~Nu_,11,2
J????B_~Nf_,11,1
J????B_~N~?,11,2
J????B_~N}_,11,2
J????B_~Nv_,11,1
J????B_~M~_,11,1
J????B_~N~_,11,1
J????B_vny?,11,2
J????B_vm}?,11,2
J????B_vl}?,11,2
J????B_vnr?,11,2
J????B_vmz?,11,2
J????B_vlz?,11,2
J????B_vn}?,11,2
J????B_vnz?,11,2
J????B_vm~?,11,2
J????B_vl~?,11,2
J????B_vny_,11,2
J????B_vm}_,11,2
J????B_vl}_,11,2
J????B_vnr_,11,1
J????B_vmz_,11,2
J????B_vlz_,11,2
J????B_vn~?,11,2
J????B_vn}_,11,2
J????B_vnz_,11,1
J????B_vm~_,11,1
J????B_vl~_,11,2
J????B_vn~_,11,1
J????B_f~{?,11,2
J????B_f}}?,11,2
J????B_fz}?,11,2
J????B_f~x?,11,2
J????B_f}|?,11,2
J????B_fz|?,11,2
J????B_f{~?,11,2
J????B_fy~?,11,2
J????B_f~}?,11,2
J????B_f~|?,11,2
J????B_f}~?,11,2
J????B_fz~?,11,2
J????B_f~{_,11,2
J????B_f}}_,11,2
J????B_fz}_,11,2
J????B_f~x_,11,1
J????B_f}|_,11,1
J????B_fz|_,11,2
J????B_f{~_,11,1
J????B_fy~_,11,2
J????B_f~~?,11,2
J????B_f~}_,11,2
J????B_f~|_,11,1
J????B_f}~_,11,1
J????B_fz~_,11,2
J????B_f~~_,11,1
J????B_~v}?,11,2
J????B_~v~?,11,2
J????B_~v}_,11,2
J????B_~v~_,11,2
J????B_~n}?,11,2
J????B_~nz?,11,2
J????B_~n~?,11,2
J????B_~n}_,11,2
J????B_~nz_,11,1
J????B_~n~_,11,1
J????B_v~}?,11,2
J????B_v~|?,11,2
J????B_v}~?,11,2
J????B_v|~?,11,2
J????B_v~~?,11,2
J????B_v~}_,11,2
J????B_v~|_,11,1
J????B_v}~_,11,1
J????B_v|~_,11,2
J????B_v~~_,11,1
J????B_~~~?,11,2
J????B_~~~_,11,1
J????Bo{C]?,11,2
J????Bo{E]?,11,2
J????Bo{C^?,11,2
J????Bo{?^_,11,2
J????Bo{F]?,11,2
J????Bo{E^?,11,2
J????Bo{C^_,11,2
J????Bo{F}?,11,2
J????Bo{F^?,11,2
J????Bo{E^_,11,2
J????Bo{F~?,11,2
J????Bo{F^_,11,2
J????Bo{F~_,11,2
J????BoyEM?,11,2
J????BoyCm?,11,2
J????Boy?}?,11,2
J????Boy?N_,11,2
J????BoyFM?,11,2
J????BoyEm?,11,2
J????BoyC}?,11,2
J????BoyEN?,11,2
J????BoyCn?,11,2
J????BoyC^?,11,2
J????Boy?~?,11,2
J????BoyCN_,11,2
J????Boy?n_,11,2
J????BoyFm?,11,2
J????BoyE}?,11,2
J????BoyFN?,11,2
J????BoyEn?,11,2
J????BoyE^?,11,2
J????BoyC~?,11,2
J????BoyEN_,11,2
J????BoyCn_,11,2
J????Boy?~_,11,2
J????BoyF}?,11,2
J????BoyFn?,11,2
J????BoyF^?,11,2
J????BoyE~?,11,2
J????BoyFN_,11,2
J????BoyEn_,11,2
J????BoyC~_,11,2
J????BoyF~?,11,2
J????BoyFn_,11,2
J????BoyE~_,11,2
J????BoyF~_,11,2
J????BorEE?,11,2
J????BorFE?,11,2
J????BorDe?,11,2
J????BorDU?,11,2
J????Bor@u?,11,2
J????BorEF?,11,2
J????BorCV?,11,2
