graph6,name,hog
GEAHrG,,30360
G^ZKh{,,35609
GWf|b{,,35556
G[Z?~_,,35558
GUBJPo,X_{126},640
GUBJRo,,35647
GWjrt{,,35535
GCzbzo,,35531
G]FVtw,,35541
Gd|b|g,,35613
Gfynjw,\co{C_8},36263
GQoHn_,,35632
G\zg}s,,35598
G\v_zk,,35594
GF`zvW,,35537
E]~o,\co{3K_2},226
GWuRds,,35568
Gd|dng,,35611
GNI@~W,,35663
G]o\ng,,35588
GWn~r{,,35602
GOpRdw,X_{121},35638
GW]V}_,,35570
G\v_z{,,35600
GSFV~w,,35655
G[o^jw,,35550
GEFdR{,,35620
F]fjo,\co{C_7},710
G]s\ng,,35590
G\jg}s,,35596
GWftbw,,35554
G[Zo}C,,35566
GXwMc{,,35623
GQsTjG,,35659
GLfNjw,,35607
GW]Uls,,35574
GQNMc[,,35564
GVomjW,\co{X_{111}},35584
GOpR`w,,35635
GUBjs{,,35657
FWfRo,,35507
GUHySs,,35543
GU@H~O,,35641
GXAYuS,,35617
GUDlUC,,35644
G[Z^_{,,35578
GXA]Qo,X_{79},1022
GUoNjw,,35650
GUYr}o,,35605
FWnRo,X_{88},1306
GWdVzo,,35545
GWjrs{,,35533
GPrZvg,,35580
GWdv|g,,35576
FdZ~o,,19170
GW]UbW,,35562
Gl{s~K,,35615
GQsP~G,,35661
GVBLZs,,35539
GkD~Tk,,35582
GW]UdW,,35560
GOtB`w,,35626
GWeuzo,,35552
GWuV|o,,35548
GVomjw,,35586
G_jdzo,,35653
GEFdrW,bislit cube,958
GPpV~w,,19176
GUYurW,\co{X_{126}},160
GQoHn?,,35629
G]}o}K,,35592
GWdutW,,35572
H?BDbO[,,
H?Bedp[,,
H?Becym,,
H?BcrpU,,
H?BfezM,,
H?Beuw},,
H?BvUy},,
H?BvU}},,
H?`FE_{,,
H?bBbRP,,
H?bB`yy,,
H?bBVbU,,
H?bBV`],,
H?bBTps,,
H?bBTq],,
H?bBTj[,,
H?bFbZ[,,
H?bF`zk,,
H?bF`z{,,
H?bF`~{,,
H?bFTj[,,
H?bDthu,,
H?bBvP\,,
H?`fEh],,
H?`ef?{,,
H?`ed`g,,
H?`edbg,,
H?`ed`w,,
H?`ed_},,
H?`eapi,,
H?`eaoy,,
H?`e`qK,,
H?`e`rg,,
H?`e`rK,,
H?`e`rk,,
H?`ebpm,,
H?`ebrm,,
H?`edgy,,
H?`eaw],,
H?`eaxm,,
H?`eaw},,
H?`eayt,,
H?`eazm,,
H?`cm_x,,
H?`c]zq,,
H?`ffRT,,
H?`fezM,,
H?`feym,,
H?`fVh{,,
H?`fNhy,,
H?`enP{,,
H?`ejrL,,
H?`ejrj,,
H?`elg},,
H?`ehzk,,
H?`ehxy,,
H?`enhy,,
H?`enV{,,
H?aNVh],,
H?beb_x,,
H?bebOx,,
H?bebRB,,
H?bebQ{,,
H?bebRT,,
H?bebP\,,
H?bebRb,,
H?bebPr,,
H?bebPZ,,
H?bebPz,,
H?be`pw,,
H?be`pk,,
H?be`qe,,
H?be`qT,,
H?be`pT,,
H?be`pL,,
H?be`qF,,
H?be`pF,,
H?be`qu,,
H?be`pm,,
H?be`px,,
H?be`rT,,
H?be`qt,,
H?be`pt,,
H?be`pl,,
H?be`qf,,
H?be`pf,,
H?be`pN,,
H?be`p},,
H?be`qv,,
H?be`pv,,
H?be`pn,,
H?be`p~,,
H?bedqm,,
H?bedq},,
H?bebr[,,
H?bebpm,,
H?bebrT,,
H?bebp\,,
H?bebp},,
H?bebr\,,
H?bebo~,,
H?beeix,,
H?bedh},,
H?becyj,,
H?beazk,,
H?beazi,,
H?beaxm,,
H?beaw},,
H?beaxr,,
H?beaz{,,
H?beazy,,
H?beax},,
H?beaw~,,
H?be`x\,,
H?bedn},,
H?bbUp|,,
H?bbRzY,,
H?bbUl],,
H?bavbE,,
H?bavbU,,
H?bav`u,,
H?bav`m,,
H?bav`j,,
H?batps,,
H?batqU,,
H?batou,,
H?batqM,,
H?batqu,,
H?batpu,,
H?batqm,,
H?batq},,
H?batqv,,
H?batpv,,
H?bauhm,,
H?bauix,,
H?bauhj,,
H?bati{,,
H?bauzu,,
H?bauy},,
H?baryy,,
H?baulm,,
H?batnx,,
H?barnw,,
H?bfey},,
H?bfbzU,,
H?bfbx],,
H?bfbz],,
H?bfUzr,,
H?beva{,,
H?bevP},,
H?betqu,,
H?betrb,,
H?betrr,,
H?betpn,,
H?betrv,,
H?berp},,
H?beuzu,,
H?beve|,,
H?bevd|,,
H?bbvj],,
H?bbuzM,,
H?bbuzu,,
H?bbry],,
H?belp|,,
H?bejr[,,
H?bejq\,,
H?bejr\,,
H?bemzy,,
H?bemxz,,
H?bb^b[,,
H?ba~bk,,
H?ba~b[,,
H?ba~bh,,
H?ba~bX,,
H?ba~bJ,,
H?ba~aj,,
H?ba~b{,,
H?ba~bx,,
H?ba~bj,,
H?ba~bZ,,
H?ba~bz,,
H?bfmzy,,
H?bfmxz,,
H?`vAqo,,
H?`vAqw,,
H?`vAqk,,
H?`vAq{,,
H?`vAq~,,
H?`vEqk,,
H?`vBX],,
H?`vBZ],,
H?`vAvk,,
H?`vAvU,,
H?`vAvM,,
H?`vAv],,
H?`vEy},,
H?`vFf],,
H?`vbxm,,
H?`vJrd,,
H?`vMv{,,
H?bNBp],,
H?bNAvs,,
H?bN@vs,,
H?bNDl|,,
H?bvRv],,
H?bvR~],,
H?bmvbu,,
H?bmvav,,
H?bmvi},,
H?rF`zk,,
H?rF`z{,,
H?rF`~{,,
H?rDvQ\,,
H?qbDr[,,
H?qbDq],,
H?qbDr],,
H?qbFrV,,
H?qbBzY,,
H?qbByz,,
H?qad`s,,
H?qad_{,,
H?qad`e,,
H?qad`{,,
H?qad`},,
H?qa`ro,,
H?qa`pe,,
H?qa`rs,,
H?qa`ru,,
H?qacha,,
H?qache,,
H?qaf_},,
H?qabiy,,
H?qa`yq,,
H?qabMU,,
H?qabMy,,
H?qfBrS,,
H?qfBp],,
H?qbf`l,,
H?qbfRS,,
H?qbdqM,,
H?qbdom,,
H?qbdr[,,
H?qbdre,,
H?qbdrM,,
H?qbdqm,,
H?qbdpm,,
H?qbdp\,,
H?qbdrm,,
H?qbdq},,
H?qbdr},,
H?qbbqY,,
H?qbcz[,,
H?qbcxl,,
H?qbcz{,,
H?qbaw{,,
H?qbazE,,
H?qbayU,,
H?qbaw],,
H?qbay{,,
H?qbazi,,
H?qbazY,,
H?qbazM,,
H?qbay],,
H?qbaw|,,
H?qbaz],,
H?qbay},,
H?qbay|,,
H?qbay^,,
H?qbbVU,,
H?qbey{,,
H?qbbz],,
H?qbb^},,
H?qbc||,,
H?qdUi{,,
H?qbUi{,,
H?qbUiy,,
H?qbRzV,,
H?q`vak,,
H?q`vbk,,
H?q`va{,,
H?q`vbM,,
H?q`vam,,
H?q`vb{,,
H?q`vbm,,
H?q`vb},,
H?q`ujs,,
H?q`uj[,,
H?q`ui{,,
H?q`uh{,,
H?q`uhu,,
H?q`ui],,
H?q`uh],,
H?q`uix,,
H?q`uht,,
H?q`uhl,,
H?q`uij,,
H?q`uhf,,
H?q`uj{,,
H?q`uh},,
H?q`uh|,,
H?q`uhv,,
H?q`uhn,,
H?q`szu,,
H?q`qzE,,
H?q`qzi,,
H?q`qzY,,
H?q`qzM,,
H?q`qyx,,
H?q`qzy,,
H?q`qz],,
H?q`rz],,
H?q`rzV,,
H?q`r^},,
H?q`q~s,,
H?q`vzu,,
H?qfbqZ,,
H?qfbqV,,
H?qfbq^,,
H?qfey},,
H?qfRi{,,
H?qetp{,,
H?qetrT,,
H?qeszu,,
H?qdvb[,,
H?qdvbe,,
H?qdv`|,,
H?qdvQ\,,
H?qdvJ[,,
H?qdvJU,,
H?qdvHr,,
H?qduje,,
H?qdujU,,
H?qdujM,,
H?qduhm,,
H?qdui],,
H?qdujb,,
H?qduhj,,
H?qduj{,,
H?qdujm,,
H?qduj],,
H?qdujj,,
H?qduhz,,
H?qdujn,,
H?qdrjw,,
H?qdrjb,,
H?qdrhj,,
H?qdrhN,,
H?qdrjx,,
H?qdrjj,,
H?qdrhn,,
H?qdszu,,
H?qdsx},,
H?qdszt,,
H?qdvj],,
H?qduzr,,
H?qduzV,,
H?qduxv,,
H?qduzv,,
H?qdrz],,
H?qbtr[,,
H?qbtqu,,
H?qbtp\,,
H?qbtru,,
H?qbri^,,
H?qe[yy,,
H?qb\pr,,
H?qbZrq,,
H?qbZrU,,
H?qc~b{,,
H?qczrq,,
H?qczrT,,
H?qczrt,,
H?qcyyx,,
H?qc~rt,,
H?qczvu,,
H?qc~v{,,
H?qc~~},,
H?qa~bK,,
H?qa~bk,,
H?qa~b[,,
H?qa~b{,,
H?qa|rw,,
H?qa|rk,,
H?qa|r[,,
H?qa|p{,,
H?qa|rq,,
H?qa|rU,,
H?qa|rd,,
H?qa|r{,,
H?qa|ru,,
H?qa|p|,,
H?qazq{,,
H?qazq\,,
H?qazq|,,
H?qa~I},,
H?qaziy,,
H?qaxzw,,
H?qaxyy,,
H?qaxzu,,
H?qax~u,,
H?qfry^,,
H?ovEaw,,
H?ovD`[,,
H?ovDrY,,
H?ovDZ],,
H?ovCu{,,
H?ovFZ],,
H?ovEny,,
H?ovEnx,,
H?ovEnl,,
H?otU`k,,
H?otU`[,,
H?otU`{,,
H?otV`[,,
H?otVb[,,
H?otRvt,,
H?opvZu,,
H?opvzu,,
H?ovfR[,,
H?ovdrd,,
H?ovdYm,,
H?ovdX\,,
H?ovdZ],,
H?ovdX^,,
H?ovfZ],,
H?ovTrd,,
H?otvH^,,
H?otvje,,
H?otvZu,,
H?otrvu,,
H?otvL^,,
H?otr^u,,
H?otvzu,,
H?ot\rd,,
H?ot^rs,,
H?otY~{,,
H?ovvzu,,
H?rfEzy,,
H?re`qw,,
H?re`qT,,
H?re`qF,,
H?re`qf,,
H?re`qv,,
H?recyy,,
H?redxz,,
H?redn{,,
H?rednu,,
H?redm},,
H?redl},,
H?redlv,,
H?redn},,
H?redl~,,
H?red~u,,
H?rfdpZ,,
H?rfdpV,,
H?rfdp^,,
H?rfdz],,
H?rfUzq,,
H?revQu,,
H?revQ},,
H?rdupf,,
H?rdur],,
H?rduq|,,
H?rdurr,,
H?rdurf,,
H?rdupn,,
H?rdtrU,,
H?rdvj],,
H?rduxm,,
H?rduzr,,
H?rduzV,,
H?rduxv,,
H?rduxn,,
H?rduzv,,
H?rdux~,,
H?rdrx],,
H?rdrz],,
H?rdvd|,,
H?rdvd~,,
H?rdvVV,,
H?rdum},,
H?rdq~t,,
H?rdq||,,
H?relr[,,
H?relqu,,
H?relpm,,
H?relrT,,
H?relpl,,
H?relq\,,
H?relpf,,
H?relq},,
H?relr\,,
H?relpv,,
H?relpn,,
H?relp~,,
H?renr[,,
H?rel|~,,
H?rd~jV,,
H?rd~j^,,
H?rd}zx,,
H?rdzzr,,
H?rdzzV,,
H?qvB`[,,
H?qvB`e,,
H?qvB`u,,
H?qvB`},,
H?qvBpe,,
H?qvBpm,,
H?qvBp},,
H?qvBq^,,
H?qvBp^,,
H?qvBjw,,
H?qvBg},,
H?qvDZR,,
H?qvDX},,
H?qvEf],,
H?qvEdv,,
H?qvEd~,,
H?qvCvy,,
H?qvCvl,,
H?qvAsz,,
H?qv@tu,,
H?qv@t},,
H?qv@t^,,
H?qvDx},,
H?qvFf],,
H?qvEt},,
H?qvEt~,,
H?qvEny,,
H?qvEnx,,
H?qvEnl,,
H?qvBn{,,
H?qvBny,,
H?qvBnZ,,
H?qvC~y,,
H?qtdp},,
H?qtdXz,,
H?qtfhz,,
H?qtdxz,,
H?qtbzu,,
H?qtbzz,,
H?qrf`l,,
H?qrfPk,,
H?qrfP[,,
H?qrfOm,,
H?qrfQm,,
H?qrfRm,,
H?qrdpk,,
H?qrdqm,,
H?qrdrm,,
H?qrfJ],,
H?qrbiu,,
H?qrbg},,
H?qrbir,,
H?qrbi},,
H?qrbiz,,
H?qrdX\,,
H?qrbZw,,
H?qrbZi,,
H?qrbZY,,
H?qrbZe,,
H?qrbYu,,
H?qrbW},,
H?qrbYj,,
H?qrbYZ,,
H?qrbZy,,
H?qrbZu,,
H?qrbZ],,
H?qrbY},,
H?qrbYz,,
H?qrbY^,,
H?qr`yj,,
H?qr`y},,
H?qrfZ],,
H?qrbzu,,
H?qrby},,
H?qrbzr,,
H?qrbyz,,
H?qrfNe,,
H?qrfNU,,
H?qrfNu,,
H?qrfNm,,
H?qrfNV,,
H?qrfN^,,
H?qr`~m,,
H?qrf^u,,
H?qrf^],,
H?qrf^^,,
H?qvdrd,,
H?qvdp},,
H?qvbpm,,
H?qvfZ],,
H?qvfT},,
H?qvUqr,,
H?qvTrd,,
H?qvTrR,,
H?qvRpV,,
H?qtvhz,,
H?qtryz,,
H?qtrxz,,
H?qtrzz,,
H?qtrx~,,
H?qrvje,,
H?qrrym,,
H?qrry},,
H?qrrz},,
H?qrtt|,,
H?qvNbR,,
H?qvN`|,,
H?qvMqy,,
H?qvMpr,,
H?qvMpz,,
H?qvLp],,
H?qvLrd,,
H?qvLp\,,
H?qvLpZ,,
H?qvLr],,
H?qvJrd,,
H?qvJrT,,
H?qvJqZ,,
H?qvJo^,,
H?qvJrt,,
H?qvJr\,,
H?qvJq^,,
H?qvNp|,,
H?qvNhz,,
H?qvNXz,,
H?qvMxz,,
H?qvLxz,,
H?qvJu^,,
H?qvJv|,,
H?qvJv^,,
H?qvMny,,
H?qvMmz,,
H?qvMlz,,
H?qrnRT,,
H?qrlpx,,
H?qrlpt,,
H?qrlpl,,
H?qrlpr,,
H?qrloz,,
H?qrlp|,,
H?qrlpz,,
H?qv^hz,,
H?qr~qz,,
H?qr~rv,,
H?qnEvu,,
H?qnEt},,
H?qnDvV,,
H?qmb`w,,
H?qmbas,,
H?qmb_{,,
H?qmb`e,,
H?qmb_u,,
H?qmbau,,
H?qmbbF,,
H?qmbaV,,
H?qmbaz,,
H?qmbbf,,
H?qmbav,,
H?qmba~,,
H?qmaxy,,
H?qmaxv,,
H?qmfE},,
H?qmfD|,,
H?qmdd{,,
H?qmdd},,
H?qmbc{,,
H?qmbd{,,
H?qmfiz,,
H?qmey},,
H?qmex},,
H?qmbzu,,
H?qmbzr,,
H?qmbyz,,
H?qmbxv,,
H?qmfM},,
H?qmdl},,
H?qm`~y,,
H?qmfx},,
H?qjayy,,
H?qjayr,,
H?qjbz],,
H?qjevs,,
H?qnfo},,
H?qney},,
H?qmvbF,,
H?qmvhu,,
H?qmviz,,
H?qmvd|,,
H?qluji,,
H?qlujY,,
H?qluhj,,
H?qluhZ,,
H?qluhN,,
H?qlug^,,
H?qluj{,,
H?qlujy,,
H?qluju,,
H?qlujj,,
H?qlujZ,,
H?qluhz,,
H?qluh^,,
H?qlujz,,
H?qltjU,,
H?qltjb,,
H?qlrjw,,
H?qlrhj,,
H?qlrjy,,
H?qlrjj,,
H?qlrhz,,
H?qlrjz,,
H?qlvj],,
H?qlvh^,,
H?qlun{,,
H?qmzzr,,
H?o~Dai,,
H?o~Dae,,
H?o~D`b,,
H?o~D`R,,
H?o~Day,,
H?o~Dau,,
H?o~D`u,,
H?o~DbR,,
H?o~D`j,,
H?o~D`z,,
H?o~D`^,,
H?o~Fae,,
H?o~Fau,,
H?o~EfY,,
H?o~Ef],,
H?o~DdZ,,
H?o~Dd^,,
H?o~FZ],,
H?o~Evu,,
H?o~Dv],,
H?o~Enl,,
H?o~Dny,,
H?o~C}y,,
H?o~C|y,,
H?o~C~y,,
H?o~C|z,,
H?o~Fny,,
H?o~frt,,
H?o~frv,,
H?o~d\^,,
H?o~Vbe,,
H?o~Vau,,
H?o~Vbu,,
H?o~Vbf,,
H?o~Vbv,,
H?o~VJR,,
H?o~TjR,,
H?o~Tjr,,
H?o~Viu,,
H?o~Vjr,,
H?o~VZ],,
H?o|vbe,,
H?o|vbu,,
H?o|vHZ,,
H?o|vH^,,
H?o|^`],,
H?o|^al,,
H?o|^`Z,,
H?o|^`^,,
H?o|Zvt,,
H?o~vjr,,
H?o~vjj,,
H?o~vjz,,
H?rlvj],,
H?rlvh^,,
H?rlrz],,
H?qzv^u,,
H?zedx},,
H?zedx~,,
H?zedv{,,
H?zedvu,,
H?zedvt,,
H?zedt|,,
H?zedvf,,
H?zedvv,,
H?zTfa|,,
H?zTfrf,,
H?zTfY},,
H?zTdz{,,
H?zTdzy,,
H?zTdy},,
H?zTdzZ,,
H?zTdzN,,
H?zTdw~,,
H?zTe^y,,
H?zTb\],,
H?zTb\^,,
H?zTfy},,
H?zVd|~,,
H?zUvbk,,
H?zUvbe,,
H?zUvJe,,
H?zUvG},,
H?zUviz,,
H?zTv`|,,
H?zTv`~,,
H?zTvJe,,
H?zTvJM,,
H?zTvJu,,
H?zTvJ],,
H?zTvI|,,
H?zTvH~,,
H?zTvp~,,
H?zTvh~,,
H?zTvX~,,
H?zTtzZ,,
H?zTrz{,,
H?zTrzy,,
H?zTrzm,,
H?zTrz],,
H?zTrzx,,
H?zTrz},,
H?zTr~|,,
H?zT~rZ,,
H?zT~r^,,
H?zT~Zx,,
H?zTzz{,,
H?z^d|~,,
HCOfBa[,,
HCOf@ps,,
HCOf@pU,,
HCOf@pR,,
HCOf@r{,,
HCOf?zW,,
HCOf?yw,,
HCOf?zw,,
HCOf?z{,,
HCOf@tV,,
HCOfC~[,,
HCOfF~},,
HCOfeW{,,
HCOfeY{,,
HCOffX{,,
HCOfe^{,,
HCOfuzf,,
HCQf@o[,,
HCQf@oy,,
HCQf@pT,,
HCQf@qL,,
HCQf@rB,,
HCQf@pR,,
HCQf@qJ,,
HCQf@pt,,
HCQf@p\,,
HCQf@rR,,
HCQf@rJ,,
HCQf@rZ,,
HCQf@rN,,
HCQf@ZP,,
HCQf@Xp,,
HCQf@YX,,
HCQf@ZX,,
HCQf@ZT,,
HCQf@Z\,,
HCQf?zW,,
HCQf?yw,,
HCQf?xw,,
HCQf?zK,,
HCQf?zw,,
HCQfDpt,,
HCQfBq[,,
HCQfBiw,,
HCQfBi{,,
HCQfBi|,,
HCQfEW|,,
HCQfCxt,,
HCQfCx|,,
HCQfAyw,,
HCQf@zZ,,
HCQf@zN,,
HCQfAn{,,
HCQfBz],,
HCQfBz^,,
HCQfEl|,,
HCQfBny,,
HCQfE\{,,
HCQfE\|,,
HCQfC||,,
HCQfA|{,,
HCQf@~y,,
HCQe`pc,,
HCQe`rg,,
HCQe`rK,,
HCQe`pk,,
HCQe`qi,,
HCQe`rk,,
HCQe`ri,,
HCQe`rm,,
HCQe`rn,,
HCQebom,,
HCQeeXe,,
HCQedV[,,
HCQedT{,,
HCQedV{,,
HCQeezm,,
HCQefx},,
HCQdbim,,
HCQb`rK,,
HCQb`q},,
HCQbfbm,,
HCQbfQi,,
HCQbfO],,
HCQbfRY,,
HCQbfQm,,
HCQbfO},,
HCQbfRX,,
HCQbfRT,,
HCQbfR\,,
HCQbfRZ,,
HCQbfRV,,
HCQbfRN,,
HCQbfR^,,
HCQberk,,
HCQbeq],,
HCQberd,,
HCQberl,,
HCQberf,,
HCQbern,,
HCQbdqi,,
HCQbdrY,,
HCQbdqm,,
HCQbdrm,,
HCQbdp^,,
HCQbbq},,
HCQbfJ\,,
HCQbeYi,,
HCQbeY{,,
HCQbeZh,,
HCQbeZb,,
HCQbeZj,,
HCQbdZM,,
HCQbefh,,
HCQbefl,,
HCQbeVk,,
HCQbeVh,,
HCQbeUl,,
HCQbeVl,,
HCQbdVk,,
HCQbdU{,,
HCQbdVh,,
HCQbdUx,,
HCQbdS|,,
HCQbdVF,,
HCQbdS^,,
HCQbdVx,,
HCQbdVl,,
HCQbcv[,,
HCQbcvh,,
HCQbcvl,,
HCQbeNh,,
HCQbfrm,,
HCQbfZ],,
HCQbfZ\,,
HCQbfZ^,,
HCQbevk,,
HCQbevl,,
HCQbfN\,,
HCQbe^k,,
HCQbd^k,,
HCQbd]{,,
HCQeRal,,
HCQeRiw,,
HCQeQnw,,
HCQeRnk,,
HCQbRah,,
HCQeJbW,,
HCQeJah,,
HCQeJa{,,
HCQeJbi,,
HCQeJbb,,
HCQeHrj,,
HCQeNay,,
HCQeLo},,
HCQeLp},,
HCQeND},,
HCQeLTu,,
HCQeLT},,
HCQeLVx,,
HCQeLzy,,
HCQeNdv,,
HCQffO},,
HCQfdo},,
HCQfbi{,,
HCQfeY{,,
HCQfdZ[,,
HCQfdW},,
HCQf`zj,,
HCQf`zN,,
HCQfezm,,
HCQfezf,,
HCQfexv,,
HCQfexn,,
HCQfew~,,
HCQfezn,,
HCQfex~,,
HCQfbnN,,
HCQfe\~,,
HCQfd\},,
HCQf`~N,,
HCQfRi{,,
HCQfUn{,,
HCQfRny,,
HCQevXu,,
HCQbv_|,,
HCQbvi{,,
HCQbvN{,,
HCQfJh],,
HCQfJjL,,
HCQfJj],,
HCQfJj\,,
HCQfJjr,,
HCQfJiz,,
HCQfJjV,,
HCQfKzw,,
HCQfIy{,,
HCQfHzq,,
HCQfHyy,,
HCQfHzL,,
HCQfHzy,,
HCQfJzr,,
HCQfMny,,
HCQfK~{,,
HCQfNzy,,
HCQfuzf,,
HCQfuxv,,
HCQflzN,,
HCQUVpu,,
HCQVfQm,,
HCQVdW},,
HCQVdZJ,,
HCQVdZZ,,
HCQVdX^,,
HCQVfX],,
HCRbdRE,,
HCRbdRU,,
HCRbdQm,,
HCRbdRb,,
HCRbdR],,
HCRbdQ},,
HCRbdRr,,
HCRbdRz,,
HCRbcrW,,
HCRbcqw,,
HCRbcp[,,
HCRbcqh,,
HCRbcpT,,
HCRbcot,,
HCRbcol,,
HCRbco\,,
HCRbcpF,,
HCRbcof,,
HCRbcr[,,
HCRbcqx,,
HCRbcql,,
HCRbcp\,,
HCRbcrF,,
HCRbcqf,,
HCRbcon,,
HCRbcp|,,
HCRbcqn,,
HCRbfRY,,
HCRbfQm,,
HCRbfRR,,
HCRbfQ},,
HCRbfRZ,,
HCRbept,,
HCRbep|,,
HCRbdp{,,
HCRbdp|,,
HCRbdq^,,
HCRbczi,,
HCRbczY,,
HCRbcxy,,
HCRbcyZ,,
HCRbczy,,
HCRbczj,,
HCRbczZ,,
HCRbcxz,,
HCRbczz,,
HCRbfZ],,
HCRbfY},,
HCRbfZZ,,
HCRbez{,,
HCRbezy,,
HCRbezm,,
HCRbez],,
HCRbezZ,,
HCRbeyv,,
HCRbez},,
HCRbezz,,
HCRbey~,,
HCRbdy},,
HCRbdz^,,
HCRbbz],,
HCRbby|,,
HCRbbzZ,,
HCRbfK},,
HCRbfM},,
HCRben{,,
HCRbem|,,
HCRbe^y,,
HCRbe]|,,
HCRbe]z,,
HCRbd^e,,
HCRbd[},,
HCRbd^u,,
HCRbd]},,
HCRbd^\,,
HCRbd^Z,,
HCRbd^V,,
HCRbf]},,
HCRbe~{,,
HCRcrQp,,
HCRcqoz,,
HCRcrqw,,
HCRcrqk,,
HCRcrp[,,
HCRcro{,,
HCRcroy,,
HCRcrqe,,
HCRcrpe,,
HCRcrpU,,
HCRcrq{,,
HCRcrqy,,
HCRcrqm,,
HCRcrp],,
HCRcro},,
HCRcrq},,
HCRcrp},,
HCRcrqz,,
HCRcrqn,,
HCRcro~,,
HCRcpxx,,
HCRcpzx,,
HCRcvF[,,
HCRcvF{,,
HCRctV[,,
HCRctVU,,
HCRctT],,
HCRctVX,,
HCRctTx,,
HCRctV],,
HCRctU},,
HCRctV\,,
HCRctV},,
HCRcvq},,
HCRcuzm,,
HCRcuz},,
HCRctxy,,
HCRcvU},,
HCRcp~{,,
HCRcp~x,,
HCR`vbS,,
HCR`vba,,
HCR`vbY,,
HCR`vbe,,
HCR`vau,,
HCR`v`u,,
HCR`v_},,
HCR`vbT,,
HCR`vbL,,
HCR`v`\,,
HCR`v_|,,
HCR`vbb,,
HCR`vbR,,
HCR`vbJ,,
HCR`v`Z,,
HCR`vbF,,
HCR`v`V,,
HCR`vbu,,
HCR`va},,
HCR`v`},,
HCR`vb\,,
HCR`vbZ,,
HCR`vbV,,
HCR`vbN,,
HCR`v`^,,
HCR`vb^,,
HCR`ujw,,
HCR`ujk,,
HCR`uj[,,
HCR`ujq,,
HCR`uji,,
HCR`ujM,,
HCR`uj{,,
HCR`ujy,,
HCR`uj],,
HCR`ujx,,
HCR`tje,,
HCR`tj],,
HCR`th^,,
HCR`rjQ,,
HCR`rjY,,
HCR`rh],,
HCR`ri\,,
HCR`rh\,,
HCR`rjR,,
HCR`rjJ,,
HCR`rij,,
HCR`rhZ,,
HCR`rj],,
HCR`rj\,,
HCR`ri|,,
HCR`rjj,,
HCR`rjZ,,
HCR`rjV,,
HCR`rh^,,
HCR`rj^,,
HCR`szI,,
HCR`szi,,
HCR`szY,,
HCR`sz{,,
HCR`szy,,
HCR`szm,,
HCR`sz],,
HCR`szx,,
HCR`sxv,,
HCR`syn,,
HCR`sz},,
HCR`pyY,,
HCR`pyy,,
HCR`pyu,,
HCR`py],,
HCR`pxr,,
HCR`py},,
HCR`pzx,,
HCR`vr[,,
HCR`vqu,,
HCR`vru,,
HCR`vr\,,
HCR`vrV,,
HCR`vr^,,
HCR`vj],,
HCR`vh^,,
HCR`uzY,,
HCR`uz{,,
HCR`uzy,,
HCR`uzu,,
HCR`uz],,
HCR`uxv,,
HCR`uz},,
HCR`tzY,,
HCR`tz],,
HCR`tx|,,
HCR`tzN,,
HCR`tx^,,
HCR`unM,,
HCR`um],,
HCR`ul],,
HCR`uny,,
HCR`un],,
HCR`unN,,
HCR`ul^,,
HCR`tn],,
HCR`rlu,,
HCR`rnu,,
HCR`rnm,,
HCR`rn^,,
HCR`vz],,
HCR`vnm,,
HCR`vn],,
HCR`vl},,
HCRfdp|,,
HCRfezi,,
HCRfez{,,
HCRfezm,,
HCRfez],,
HCRfezj,,
HCRfez},,
HCRfbz],,
HCRfby|,,
HCRfeu},,
HCRfe~{,,
HCRev`u,,
HCRevaj,,
HCRev`},,
HCRetqm,,
HCRetq],,
HCRetrb,,
HCRetqj,,
HCRetq},,
HCRetrj,,
HCRetrf,,
HCRetqn,,
HCRetrn,,
HCReuzu,,
HCReuz},,
HCRdvR[,,
HCRdtq],,
HCRdro{,,
HCRdrrb,,
HCRdro^,,
HCRdrrf,,
HCRduz{,,
HCRduzu,,
HCRduzm,,
HCRduz],,
HCRduz},,
HCRduzn,,
HCRdux~,,
HCRdtz],,
HCRdrx],,
HCRdrx},,
HCRdvV\,,
HCRdvT|,,
HCRdrvV,,
HCRdrv^,,
HCRdvL},,
HCRdu~{,,
HCRenam,,
HCRenaj,,
HCRen_z,,
HCRenR[,,
HCRenP{,,
HCRenPr,,
HCRenOz,,
HCRempr,,
HCRelr[,,
HCRelp{,,
HCRelri,,
HCRelo},,
HCRelrL,,
HCRelp\,,
HCRelpj,,
HCRelp},,
HCRelr\,,
HCRelrj,,
HCRejqj,,
HCRejoz,,
HCRejr{,,
HCRejqz,,
HCRenp},,
HCReno~,,
HCRenV{,,
HCRdlrb,,
HCRdlpr,,
HCRdjv],,
HCRbna{,,
HCRbnb],,
HCRbnO|,,
HCRbnR],,
HCRbnQ},,
HCRbmql,,
HCRblrU,,
HCRblp|,,
HCRblrN,,
HCRbnZ],,
HCRbnYz,,
HCRblz],,
HCRblx^,,
HCRbjyz,,
HCRbm^{,,
HCRbm^z,,
HCRc~bh,,
HCRc~bX,,
HCRc~bJ,,
HCRc~`j,,
HCRc~bx,,
HCRc~bj,,
HCRc~bZ,,
HCRc~bz,,
HCRc~R{,,
HCRc}oz,,
HCRc}r{,,
HCRc|ri,,
HCRc|rh,,
HCRc|rX,,
HCRc|rL,,
HCRc|p\,,
HCRc|pr,,
HCRc|qj,,
HCRc|pj,,
HCRc|oz,,
HCRc|pV,,
HCRc|ov,,
HCRc|qN,,
HCRc|pN,,
HCRc|on,,
HCRc|o^,,
HCRc|r{,,
HCRc|ry,,
HCRc|rm,,
HCRc|rx,,
HCRc|rl,,
HCRc|r\,,
HCRc|rj,,
HCRc|pz,,
HCRc|pv,,
HCRc|rN,,
HCRc|qn,,
HCRc|pn,,
HCRc|p^,,
HCRc|o~,,
HCRc|r|,,
HCRc|rn,,
HCRc|p~,,
HCRczr[,,
HCRczpu,,
HCRczql,,
HCRczr{,,
HCRczq|,,
HCRc~r{,,
HCRc~q},,
HCRc~q~,,
HCRc|zx,,
HCRczu},,
HCR`~bs,,
HCR`~a{,,
HCR`~`{,,
HCR`~bd,,
HCR`~`t,,
HCR`~bF,,
HCR`~aN,,
HCR`~`N,,
HCR`~b{,,
HCR`~`},,
HCR`~`|,,
HCR`~bN,,
HCR`~`n,,
HCR`~`~,,
HCR`~j],,
HCR`~hz,,
HCR`~h^,,
HCR`}z{,,
HCRfmzy,,
HCRflzN,,
HCRfjyz,,
HCRe~r{,,
HCRe~rf,,
HCRe~pv,,
HCRe~o~,,
HCRe~r|,,
HCRe}zy,,
HCRe~zy,,
HCRd}zx,,
HCRf~z^,,
HCRVBjw,,
HCRVBi},,
HCRVBjx,,
HCRVDZs,,
HCRVDZ[,,
HCRVDZq,,
HCRVDZY,,
HCRVDZU,,
HCRVDZ{,,
HCRVDZy,,
HCRVDZu,,
HCRVDZx,,
HCRVDZj,,
HCRVDZZ,,
HCRVDZ},,
HCRVDZz,,
HCRVFp},,
HCRVFo~,,
HCRVFX},,
HCRVEvm,,
HCRVEv},,
HCRVBvm,,
HCRVBvl,,
HCRUTpu,,
HCRUTo~,,
HCRUTX{,,
HCRUTZq,,
HCRUTZx,,
HCRUVo~,,
HCRUVZr,,
HCRUVYz,,
HCRVfX},,
HCRVTrd,,
HCRVTpv,,
HCRVRrs,,
HCRVRre,,
HCRVRrb,,
HCRVRpf,,
HCRVRqN,,
HCRVRon,,
HCRVRru,,
HCRVRrf,,
HCRVRq^,,
HCRVRrv,,
HCRVVZu,,
HCRVVd|,,
HCRUvZr,,
HCRUvYz,,
HCRUvN{,,
HCRTvZu,,
HCRV^pv,,
HCRV^jx,,
HCRVZzv,,
HCQvBOy,,
HCQv@pk,,
HCQv@qY,,
HCQv@oy,,
HCQv@qb,,
HCQv@rY,,
HCQv@rM,,
HCQv@o},,
HCQv@rb,,
HCQv@qr,,
HCQv@pr,,
HCQv@rr,,
HCQv@rN,,
HCQv@r^,,
HCQvBoy,,
HCQvBqM,,
HCQvBo},,
HCQvDZY,,
HCQvDX],,
HCQvDWz,,
HCQvDZ],,
HCQvBZF,,
HCQvBZV,,
HCQvBZ^,,
HCQvDTz,,
HCQvCs|,,
HCQvCt|,,
HCQvAvk,,
HCQv@vk,,
HCQv@vy,,
HCQv@t},,
HCQv@tn,,
HCQvBz],,
HCQvBz^,,
HCQvEl|,,
HCQvE\|,,
HCQvUn{,,
HCRvUrd,,
HCRvUrl,,
HCRvUo~,,
HCRvT|},,
HCRuurb,,
HCRuuqj,,
HCRuuzm,,
HCRtvO|,,
HCRtvRF,,
HCRtvRN,,
HCRu~qn,,
HCp`fai,,
HCp`fa],,
HCp`fb},,
HCp`fRS,,
HCp`fP],,
HCp`eik,,
HCp`eji,,
HCp`ehy,,
HCp`ej},,
HCp`fji,,
HCp`fim,,
HCp`fj},,
HCp`f~},,
HCpdfal,,
HCpdfPU,,
HCpdbr[,,
HCpdbrM,,
HCpdbql,,
HCpdbqj,,
HCpdbr{,,
HCpdbp},,
HCpdbrj,,
HCpdbqn,,
HCpdbr},,
HCpdehM,,
HCpdeim,,
HCpdehm,,
HCpdeh],,
HCpdejm,,
HCpdeh},,
HCpdej},,
HCpddg},,
HCpddh},,
HCpdbjj,,
HCpddVU,,
HCpddT|,,
HCpddV},,
HCpddx},,
HCpdbzj,,
HCpdfV},,
HCpdfx},,
HCpbfRT,,
HCpbdrS,,
HCpbdra,,
HCpbdrs,,
HCpbdri,,
HCpbdrd,,
HCpbdqt,,
HCpbdpt,,
HCpbdql,,
HCpbdrb,,
HCpbdr{,,
HCpbdrt,,
HCpbbrT,,
HCpbbrb,,
HCpbbq},,
HCpbfJM,,
HCpbfHm,,
HCpbfH],,
HCpbfHx,,
HCpbfJF,,
HCpbfIf,,
HCpbfJm,,
HCpbfH},,
HCpbfIn,,
HCpbeh],,
HCpbejb,,
HCpbejF,,
HCpbeif,,
HCpbejm,,
HCpbej],,
HCpbejx,,
HCpbein,,
HCpbdgy,,
HCpbdiU,,
HCpbdhU,,
HCpbdgu,,
HCpbdjk,,
HCpbdh{,,
HCpbdje,,
HCpbdjU,,
HCpbdiu,,
HCpbdi],,
HCpbdh],,
HCpbdg},,
HCpbdjh,,
HCpbdhx,,
HCpbdjd,,
HCpbdjL,,
HCpbdil,,
HCpbdjb,,
HCpbdjR,,
HCpbdjJ,,
HCpbdij,,
HCpbdhZ,,
HCpbdjF,,
HCpbdif,,
HCpbdhV,,
HCpbdiN,,
HCpbdj{,,
HCpbdjm,,
HCpbdj],,
HCpbdi},,
HCpbdjx,,
HCpbdjl,,
HCpbdh|,,
HCpbdjj,,
HCpbdjZ,,
HCpbdjf,,
HCpbdjV,,
HCpbdjN,,
HCpbdin,,
HCpbdh^,,
HCpbdj|,,
HCpbdjn,,
HCpbdj^,,
HCpbbh],,
HCpbbg},,
HCpbay},,
HCpbfjm,,
HCpbfj],,
HCpbfjj,,
HCpbfin,,
HCpbey},,
HCpbbzj,,
HCpbfT},,
HCpbfV},,
HCpbbv],,
HCpbbv},,
HCpbfNy,,
HCpdQis,,
HCpdQiq,,
HCpdQiU,,
HCpdQgu,,
HCpdQiF,,
HCpdQjq,,
HCpdQiu,,
HCpdQif,,
HCpdQju,,
HCpdQiv,,
HCpdQjv,,
HCpdUh{,,
HCpdUjq,,
HCpdUiu,,
HCpdUh],,
HCpdUil,,
HCpdUif,,
HCpdUju,,
HCpdUh},,
HCpdUi|,,
HCpdUjf,,
HCpdUiv,,
HCpdUjv,,
HCpdRiw,,
HCpdRi{,,
HCpdRi|,,
HCpdPzw,,
HCpdPx],,
HCpdPz{,,
HCpdPz],,
HCpdVrr,,
HCpdVpz,,
HCpdVpv,,
HCpdVrv,,
HCpdUzu,,
HCpdUx},,
HCpdUyv,,
HCpdUw~,,
HCpdUzv,,
HCpdTz],,
HCpdTx},,
HCpdTzt,,
HCpdTzV,,
HCpdTx^,,
HCpdVT},,
HCpdVV},,
HCpdRvy,,
HCpdRt},,
HCpdS|z,,
HCpdQ~r,,
HCpdQ~v,,
HCpdVzv,,
HCpdVt},,
HCpbPjS,,
HCpbThw,,
HCpbUW~,,
HCpbTXu,,
HCpbQyn,,
HCpbQy~,,
HCpbPzx,,
HCpbRd|,,
HCpbRf|,,
HCpbUw~,,
HCpbVd},,
HCpbVd|,,
HCpbRn{,,
HCpfdri,,
HCpfdqm,,
HCpfdrb,,
HCpfdpZ,,
HCpfdpV,,
HCpfdrm,,
HCpfdp},,
HCpfdrj,,
HCpfdp^,,
HCpfbo},,
HCpfbr{,,
HCpfbq},,
HCpfbp},,
HCpfbrl,,
HCpffH{,,
HCpffH],,
HCpffG},,
HCpffHx,,
HCpffH},,
HCpfdg},,
HCpfdhZ,,
HCpfdhV,,
HCpfdh^,,
HCpfbim,,
HCpfbg},,
HCpfazM,,
HCpfazm,,
HCpfax},,
HCpfazf,,
HCpfayn,,
HCpfezM,,
HCpfbzj,,
HCpffT},,
HCpfbv],,
HCpfbun,,
HCpfel},,
HCpfemn,,
HCpfd\},,
HCpfd\^,,
HCpfd^},,
HCpfd\~,,
HCpf`~V,,
HCpfVHu,,
HCpfVHx,,
HCpfVI|,,
HCpfRg},,
HCpfQzr,,
HCpfQzV,,
HCpfQyv,,
HCpfQzv,,
HCpfVq|,,
HCpfVi|,,
HCpfUx},,
HCpfUyv,,
HCpfUyn,,
HCpfUw~,,
HCpfUy~,,
HCpfTx},,
HCpfVy~,,
HCpfR~{,,
HCpevHr,,
HCpdvRe,,
HCpdvO|,,
HCpdvRu,,
HCpdvRt,,
HCpdvP|,,
HCpdrjS,,
HCpdrjK,,
HCpdrh],,
HCpdrj{,,
HCpdvj{,,
HCpdvjj,,
HCpdvT},,
HCpdvV},,
HCpdrv{,,
HCpdrn{,,
HCpdu^{,,
HCpdq~t,,
HCpdr~{,,
HCpbvQm,,
HCpbvP\,,
HCpbvO|,,
HCpbvQj,,
HCpbvOz,,
HCpbvRu,,
HCpbvQ},,
HCpbvRr,,
HCpbvQz,,
HCpbvRV,,
HCpbtri,,
HCpbtqm,,
HCpbtq],,
HCpbtpt,,
HCpbtr{,,
HCpbtru,,
HCpbtrt,,
HCpbrqj,,
HCpbuZM,,
HCpbuZp,,
HCpbuZt,,
HCpbuZr,,
HCpbuYv,,
HCpbvj{,,
HCpbvjm,,
HCpbvj],,
HCpbvi|,,
HCpfLr{,,
HCpfJrs,,
HCpfJrk,,
HCpfJpt,,
HCpfJr{,,
HCpfJrt,,
HCpfJjx,,
HCpfKzw,,
HCpfKz{,,
HCpfKzy,,
HCpfMy{,,
HCpfLz{,,
HCpfI~u,,
HCpelrs,,
HCpelp{,,
HCpelqm,,
HCpelon,,
HCpelo^,,
HCpelrt,,
HCpelp|,,
HCpelqn,,
HCpelo~,,
HCpejrM,,
HCpejqm,,
HCpejqx,,
HCpejrT,,
HCpejp\,,
HCpejqj,,
HCpejoz,,
HCpejqf,,
HCpejov,,
HCpejr{,,
HCpejrl,,
HCpejr\,,
HCpejqz,,
HCpejqv,,
HCpejo~,,
HCpelZF,,
HCpelYf,,
HCpelZf,,
HCpelYv,,
HCpelZv,,
HCpeiyx,,
HCpeiy},,
HCpeix},,
HCpeizx,,
HCpenri,,
HCpelym,,
HCpelx},,
HCpelx~,,
HCpejyz,,
HCpejxz,,
HCpejw~,,
HCpejzz,,
HCpenT},,
HCpenT|,,
HCpenU~,,
HCpel^u,,
HCpel\},,
HCpel^j,,
HCpel^z,,
HCpei}|,,
HCpei~},,
HCpdnRy,,
HCpdlpt,,
HCpdlp^,,
HCpdjpw,,
HCpdjrw,,
HCpdjpy,,
HCpdjrM,,
HCpdjrd,,
HCpdjqt,,
HCpdjqj,,
HCpdjrF,,
HCpdjr{,,
HCpdjry,,
HCpdjrl,,
HCpdjrj,,
HCpdjrV,,
HCpdjrN,,
HCpdjr},,
HCpdjrn,,
HCpdmji,,
HCpdmjM,,
HCpdmim,,
HCpdmg|,,
HCpdmjm,,
HCpdmj],,
HCpdmj},,
HCpdnp{,,
HCpdnT|,,
HCpdnT^,,
HCpdnV},,
HCpdjvm,,
HCpdjv},,
HCpdm^{,,
HCpe^jw,,
HCpe^n{,,
HCpfuyn,,
HCpfvx},,
HCpflz{,,
HCpflzj,,
HCpflzN,,
HCpVdri,,
HCpVdre,,
HCpVdpm,,
HCpVdqt,,
HCpVdpj,,
HCpVdpf,,
HCpVdon,,
HCpVdr{,,
HCpVdrm,,
HCpVdp},,
HCpVdrt,,
HCpVdr\,,
HCpVdrj,,
HCpVdpz,,
HCpVdrf,,
HCpVdpv,,
HCpVdqn,,
HCpVdpn,,
HCpVdo~,,
HCpVdr|,,
HCpVdrn,,
HCpVdp~,,
HCpVbo},,
HCpVbq},,
HCpVbp},,
HCpVbZw,,
HCpVbXx,,
HCpVbWz,,
HCpVbXz,,
HCpVfrk,,
HCpVfo~,,
HCpVfZY,,
HCpVfZM,,
HCpVfZ],,
HCpVfX|,,
HCpVfX~,,
HCpVfV{,,
HCpVfU},,
HCpVfT},,
HCpVfT|,,
HCpVdvm,,
HCpVdu},,
HCpVbu},,
HCpVbvn,,
HCpVd^f,,
HCpVf\~,,
HCpVV`u,,
HCpVV`x,,
HCpVVal,,
HCpVV`},,
HCpVUpv,,
HCpVTpu,,
HCpVTpr,,
HCpVTr{,,
HCpVTru,,
HCpVTrr,,
HCpVTpv,,
HCpVTrv,,
HCpVThm,,
HCpVThr,,
HCpVThf,,
HCpVTh},,
HCpVThv,,
HCpVTh~,,
HCpVVpv,,
HCpVTz{,,
HCpVTx|,,
HCpVTxv,,
HCpVTzv,,
HCpVTx~,,
HCpVTv{,,
HCpVTvu,,
HCpVTlv,,
HCpVTl~,,
HCpVT~{,,
HCpUvHx,,
HCpVvin,,
HCpVvXz,,
HCpVvYv,,
HCpVvY~,,
HCrbdjs,,
HCrbdji,,
HCrbdhu,,
HCrbdh],,
HCrbdg},,
HCrbdhj,,
HCrbdhZ,,
HCrbdj{,,
HCrbdjy,,
HCrbdju,,
HCrbdjm,,
HCrbdi},,
HCrbdh},,
HCrbdjx,,
HCrbdh|,,
HCrbdjj,,
HCrbdjZ,,
HCrbdjV,,
HCrbdjN,,
HCrbdh^,,
HCrbdj},,
HCrbdjz,,
HCrbdj^,,
HCrbdXi,,
HCrbdZw,,
HCrbdZk,,
HCrbdZi,,
HCrbdZY,,
HCrbdXy,,
HCrbdX\,,
HCrbdXj,,
HCrbdZ{,,
HCrbdZy,,
HCrbdZm,,
HCrbdZ],,
HCrbdY},,
HCrbdX},,
HCrbdZx,,
HCrbdZ\,,
HCrbdX|,,
HCrbdZj,,
HCrbdZZ,,
HCrbdXz,,
HCrbdZV,,
HCrbdZN,,
HCrbdX^,,
HCrbdZ},,
HCrbdZz,,
HCrbdZ^,,
HCrbfr[,,
HCrbfry,,
HCrbfq|,,
HCrbfrV,,
HCrbfqv,,
HCrbfpv,,
HCrbfqn,,
HCrbfo~,,
HCrbfq~,,
HCrbfjy,,
HCrbfjm,,
HCrbfj],,
HCrbfh},,
HCrbfj},,
HCrbfjz,,
HCrbfY},,
HCrbfX},,
HCrbezy,,
HCrbey~,,
HCrbdxy,,
HCrbdz{,,
HCrbdzy,,
HCrbdzu,,
HCrbdzm,,
HCrbdy},,
HCrbdx},,
HCrbdx|,,
HCrbdzj,,
HCrbdxz,,
HCrbdzV,,
HCrbdzN,,
HCrbdx^,,
HCrbdz},,
HCrbdzz,,
HCrbdz^,,
HCrbbz{,,
HCrbbzu,,
HCrbbzf,,
HCrbbzn,,
HCrbfVs,,
HCrbfV[,,
HCrbfVe,,
HCrbfV{,,
HCrbfVy,,
HCrbfVu,,
HCrbfVm,,
HCrbfV],,
HCrbfVt,,
HCrbfVf,,
HCrbfVV,,
HCrbfTv,,
HCrbfUn,,
HCrbfV},,
HCrbfVv,,
HCrbfU~,,
HCrbevs,,
HCrbev[,,
HCrbeve,,
HCrbeum,,
HCrbev{,,
HCrbevm,,
HCrbet},,
HCrbevt,,
HCrbevf,,
HCrbeuv,,
HCrbetv,,
HCrbeun,,
HCrbeu~,,
HCrbfNM,,
HCrbfNy,,
HCrbfN],,
HCrbfM},,
HCrbfNz,,
HCrbene,,
HCrben{,,
HCrbfx},,
HCrbfv{,,
HCrbfvm,,
HCrbfu~,,
HCrbVq|,,
HCrbVqv,,
HCrbVpv,,
HCrbVqn,,
HCrbVo~,,
HCrbVq~,,
HCrbVh},,
HCrbUzu,,
HCrbTzy,,
HCrbTxv,,
HCrbRyv,,
HCrbVf{,,
HCrbVdv,,
HCrbVc~,,
HCrbUt},,
HCrbTlu,,
HCrbTk},,
HCrbTl},,
HCrbTl^,,
HCrbRn{,,
HCrbRny,,
HCrbRm},,
HCrbRnZ,,
HCrbRmn,,
HCrbRnz,,
HCrbT\u,,
HCrbQ~u,,
HCrbP|u,,
HCrfbo{,,
HCrfbr[,,
HCrfbp{,,
HCrfbrM,,
HCrfbrd,,
HCrfbrb,,
HCrfbr{,,
HCrfbq},,
HCrfbp},,
HCrfbrf,,
HCrfbr|,,
HCrfbim,,
HCrfbhj,,
HCrfbj{,,
HCrfbj\,,
HCrffq|,,
HCrfdzy,,
HCrfdzu,,
HCrfdzz,,
HCrfbze,,
HCrfbzU,,
HCrfbzu,,
HCrfbzn,,
HCrffU|,,
HCrffL|,,
HCrfRr[,,
HCrfRpm,,
HCrfRrd,,
HCrfRr{,,
HCrfRq},,
HCrfRp},,
HCrfRrl,,
HCrfRr|,,
HCrfRg},,
HCrfRi|,,
HCrfRXr,,
HCrfQzU,,
HCrfQyr,,
HCrfQzr,,
HCrfQyz,,
HCrfVq|,,
HCrfTzy,,
HCrfTzz,,
HCrerp{,,
HCrerrd,,
HCrerrb,,
HCrerrR,,
HCrerpr,,
HCrerrF,,
HCrerp},,
HCrerrl,,
HCrerp|,,
HCrerrr,,
HCrerrf,,
HCrerp^,,
HCrerp~,,
HCrerim,,
HCrerhj,,
HCrerh},,
HCrerze,,
HCrerzm,,
HCrdrjw,,
HCrdrim,,
HCrdrh],,
HCrdrj{,,
HCrdrjm,,
HCrdrjj,,
HCrdrjN,,
HCrdvpn,,
HCrdvrn,,
HCrdvj{,,
HCrdvjm,,
HCrdvh^,,
HCrdrx],,
HCrdrzm,,
HCrdvV{,,
HCrdvU},,
HCrdvVx,,
HCrdvVt,,
HCrdvU|,,
HCrdvV},,
HCrdvV|,,
HCrdrnm,,
HCrdt^x,,
HCrdr^\,,
HCrdr^|,,
HCrbrrq,,
HCrbrri,,
HCrbrrU,,
HCrbrrM,,
HCrbrpr,,
HCrbrru,,
HCrbrrV,,
HCrbrrv,,
HCrbvrm,,
HCrbvq|,,
HCrbvp|,,
HCrbvq~,,
HCrbvp~,,
HCrbvj{,,
HCrbvj],,
HCrbvh},,
HCrbvi|,,
HCrbvj},,
HCrbvi~,,
HCrbvZv,,
HCrbvY~,,
HCrbut},,
HCrbu^v,,
HCrbvn|,,
HCrbvm~,,
HCreZrs,,
HCreZrU,,
HCreZrd,,
HCreZrT,,
HCreZpr,,
HCreZru,,
HCreZrt,,
HCreZrr,,
HCreZrV,,
HCreZrv,,
HCrftzj,,
HCrftyn,,
HCrftzn,,
HCrfnX|,,
HCrflzN,,
HCrfZzV,,
HCrRRrM,,
HCrRRry,,
HCrRRr],,
HCrRRrl,,
HCrRRrr,,
HCrRRr},,
HCrRRfw,,
HCrRRc~,,
HCrRVf{,,
HCrRVc~,,
HCrRTvu,,
HCrRTt|,,
HCrQvqn,,
HCrQviz,,
HCrQvZy,,
HCrUrje,,
HCrVJqm,,
HCrVJp],,
HCrVJrd,,
HCrVJo|,,
HCrVJrb,,
HCrVJpZ,,
HCrVJrF,,
HCrVJqf,,
HCrVJry,,
HCrVJp},,
HCrVJrj,,
HCrVJrZ,,
HCrVJpz,,
HCrVJrf,,
HCrVJqn,,
HCrVJo~,,
HCrVJrz,,
HCrVJq~,,
HCrVLzl,,
HCrVJzm,,
HCrVJz],,
HCrVJx},,
HCrVJzN,,
HCrVJz},,
HCrVJzn,,
HCrVL^},,
HCrVNu~,,
HCrVtzn,,
HCrVlzn,,
HCrV^q~,,
HCpvbp],,
HCpvbo},,
HCpvbq},,
HCpvfZw,,
HCpvfY],,
HCpvfZy,,
HCpvfZ],,
HCpvfZ\,,
HCpvfZr,,
HCpvfZf,,
HCpvfZ},,
HCpvfZz,,
HCpvfZn,,
HCpvbz],,
HCpvfV{,,
HCpvfU},,
HCpvfVl,,
HCpvfT|,,
HCpveu},,
HCpvdvl,,
HCpvVbk,,
HCpvVb[,,
HCpvVal,,
HCpvV_z,,
HCpvVb{,,
HCpvVa|,,
HCpvRrd,,
HCpvRrT,,
HCpvRrb,,
HCpvRrR,,
HCpvRqj,,
HCpvRpV,,
HCpvRrt,,
HCpvRq|,,
HCpvRqz,,
HCpvRrV,,
HCpvVqn,,
HCpvVq~,,
HCpvVZq,,
HCpvVZ],,
HCpvVZ},,
HCpvVY~,,
HCpvUzq,,
HCpvUx},,
HCpvUy~,,
HCpvTy{,,
HCpvTz{,,
HCpvTzy,,
HCpvTy},,
HCpvTzx,,
HCpvTzt,,
HCpvTzf,,
HCpvTz},,
HCpvTzv,,
HCpvRz{,,
HCpvTv{,,
HCpvTvy,,
HCpvTvu,,
HCpvTvm,,
HCpvTu},,
HCpvTv},,
HCpvTv^,,
HCpvT~|,,
HCpuvZq,,
HCpulrs,,
HCpulrk,,
HCpulr[,,
HCpulrd,,
HCpulr{,,
HCpulrt,,
HCpulrl,,
HCpulr\,,
HCpulrf,,
HCpulr|,,
HCpulrn,,
HCpujpy,,
HCpujo},,
HCpujqx,,
HCpujrd,,
HCpujrT,,
HCpujrb,,
HCpujqj,,
HCpujoz,,
HCpujq},,
HCpujrl,,
HCpujr\,,
HCpujo~,,
HCpulx},,
HCpulzl,,
HCpulz\,,
HCpulz|,,
HCpujy},,
HCpujzj,,
HCpujyz,,
HCpunT},,
HCpulvl,,
HCpulvj,,
HCpulv|,,
HCpulvn,,
HCprn_|,,
HCprnO|,,
HCprnZ{,,
HCprnYz,,
HCpv^qz,,
HCpv^qv,,
HCpv^pv,,
HCpv^qn,,
HCpv^r|,,
HCpv^q~,,
HCpv^p~,,
HCpv^iz,,
HCpv]zx,,
HCpvZzV,,
HCpu~qn,,
HCrJdre,,
HCrJdpf,,
HCrJdrf,,
HCrJfrm,,
HCrJvji,,
HCrJvjm,,
HCrJvjf,,
HCrJvjn,,
HCrJtzm,,
HCrL^pv,,
HCrH~rm,,
HCrNvjm,,
HCrNtzn,,
HCqjerw,,
HCqjer[,,
HCqjeri,,
HCqjerY,,
HCqjere,,
HCqjerU,,
HCqjerd,,
HCqjer{,,
HCqjery,,
HCqjeru,,
HCqjerm,,
HCqjert,,
HCqjerf,,
HCqjeqn,,
HCqjfr{,,
HCqjfry,,
HCqjfrm,,
HCqjfrt,,
HCqjfrf,,
HCqjfqn,,
HCqjfZ{,,
HCqjfZm,,
HCqjfZ],,
HCqjfX},,
HCqjfZ},,
HCqjfV{,,
HCqjfVy,,
HCqjfVm,,
HCqjfV],,
HCqjfU},,
HCqjfU|,,
HCqjfUz,,
HCqjfVf,,
HCqjfUv,,
HCqjfS~,,
HCqjfV},,
HCqjfVv,,
HCqjfU~,,
HCqjeve,,
HCqjev{,,
HCqjevu,,
HCqjfzm,,
HCqjfv{,,
HCqjfvm,,
HCqjf^],,
HCqnfq},,
HCqnfZ{,,
HCqnezm,,
HCqnez],,
HCqnez},,
HCqnfV{,,
HCqnfU|,,
HCqnfVf,,
HCqnfVv,,
HCqnbvm,,
HCqnbvf,,
HCqnbtv,,
HCqnbun,,
HCqna|},,
HCqna{~,,
HCqnvXv,,
HCqnvnn,,
HCqn^X},,
HCqn]zy,,
HCqnZy^,,
HCqnZz|,,
HCrvbre,,
HCrvVq},,
HCrvTv{,,
HCrvTvx,,
HCrvTvl,,
HCrvTu|,,
HCrvTv},,
HCrvTv|,,
HCrvRu},,
HCrvT|},,
HCrtv^|,,
HCrtu|~,,
HCrrv]~,,
HCrnRy~,,
HCrmvT},,
HCrmrt|,,
HCrmruv,,
HCrmru~,,
HCrlvjy,,
HCrlvhn,,
HCrlvj},,
HCrlvjn,,
HCrltz},,
HCrnnq|,,
HCrnnqn,,
HCrnnq~,,
HCrm~q|,,
HCrm~qn,,
HCrl~q|,,
HCrj~q},,
HCrj~rZ,,
HCrj~qn,,
HCrj~q~,,
HCrn~y~,,
HCXedV{,,
HCXed^{,,
HCXfVH{,,
HCXfVHu,,
HCXfVHr,,
HCXfQxu,,
HCXfQz{,,
HCXfQzu,,
HCXfUx},,
HCXfQ~u,,
HCXevP\,,
HCXevK~,,
HCZber[,,
HCZbep{,,
HCZbep|,,
HCZbazX,,
HCZbaxt,,
HCZbayj,,
HCZbaxZ,,
HCZbawz,,
HCZbaxV,,
HCZbazu,,
HCZbaz],,
HCZbazx,,
HCZbazZ,,
HCZbayz,,
HCZbayv,,
HCZbayn,,
HCZbaw~,,
HCZbaz},,
HCZbay~,,
HCZbezm,,
HCZbez],,
HCZbezZ,,
HCZbeyz,,
HCZbeyn,,
HCZbew~,,
HCZbez},,
HCZbey~,,
HCZbbzu,,
HCZbbzf,,
HCZben{,,
HCZbe^u,,
HCZbe]v,,
HCZfRpt,,
HCZfRpl,,
HCZfRrt,,
HCZfRrl,,
HCZfRr\,,
HCZfRp|,,
HCZfRr|,,
HCZfVpu,,
HCZfRzy,,
HCZfRzx,,
HCZfRzz,,
HCZety],,
HCZetx],,
HCZetx^,,
HCZetx~,,
HCZery],,
HCZerz],,
HCZerz\,,
HCZerzv,,
HCZerzn,,
HCZery~,,
HCZeve|,,
HCZevd|,,
HCZeve~,,
HCZevT|,,
HCZevL|,,
HCZevM~,,
HCZet~^,,
HCZbupt,,
HCZbup\,,
HCZburb,,
HCZbupr,,
HCZbupf,,
HCZbup|,,
HCZburr,,
HCZburf,,
HCZbuzm,,
HCZbuz],,
HCZbuz},,
HCZenaj,,
HCZen_z,,
HCZenaz,,
HCZenPt,,
HCZenPr,,
HCZemql,,
HCZemo|,,
HCZemrb,,
HCZempr,,
HCZemoz,,
HCZemp},,
HCZemq|,,
HCZemqn,,
HCZelp{,,
HCZelp\,,
HCZelrb,,
HCZelo^,,
HCZelp},,
HCZelrr,,
HCZelp^,,
HCZenr[,,
HCZenp},,
HCZelzZ,,
HCZelzz,,
HCZelt},,
HCZelvx,,
HCZbnP{,,
HCZbnRy,,
HCZbmqu,,
HCZbmql,,
HCZbmqf,,
HCZbmr],,
HCZbmqv,,
HCZbmqn,,
HCZbmq~,,
HCZbnX|,,
HCZbmzm,,
HCZbnx~,,
HCZbm}~,,
HCZe|zZ,,
HCZe|zz,,
HCZe|~z,,
HCZe||~,,
HCZb~rn,,
HCZVDhq,,
HCZVFp},,
HCZVFo~,,
HCZVFX},,
HCZVEy},,
HCZVBvl,,
HCZTfal,,
HCZTfO{,,
HCZTfRm,,
HCZTerm,,
HCZTdXy,,
HCZTdZy,,
HCZTdX},,
HCZVfQm,,
HCZVfZM,,
HCZVfX},,
HCZVRpu,,
HCZTvZM,,
HCZLbbc,,
HCZLbbS,,
HCZLbak,,
HCZLba[,,
HCZLb_{,,
HCZLb`i,,
HCZLbad,,
HCZLbbs,,
HCZLba{,,
HCZLbbi,,
HCZLb`y,,
HCZLbam,,
HCZLbax,,
HCZLbbd,,
HCZLbby,,
HCZLbbm,,
HCZLbbt,,
HCZLba|,,
HCZLbb},,
HCZLf`t,,
HCZLf`v,,
HCZLfru,,
HCZLbvs,,
HCZJfbY,,
HCZJfbe,,
HCZJfbU,,
HCZJfbu,,
HCZJfb],,
HCZJfRe,,
HCZJfPm,,
HCZJfRd,,
HCZJfRJ,,
HCZJfRm,,
HCZJfP},,
HCZJfRt,,
HCZJept,,
HCZJerb,,
HCZJerJ,,
HCZJeru,,
HCZJer],,
HCZJep},,
HCZJert,,
HCZJeqn,,
HCZJfJX,,
HCZJfG|,,
HCZJfJ],,
HCZJfI},,
HCZJfJx,,
HCZJfI|,,
HCZJfJZ,,
HCZJdiq,,
HCZJdii,,
HCZJdjs,,
HCZJdi{,,
HCZJdji,,
HCZJdiy,,
HCZJdje,,
HCZJdiu,,
HCZJdim,,
HCZJdjh,,
HCZJdhx,,
HCZJdj{,,
HCZJdjy,,
HCZJdju,,
HCZJdjm,,
HCZJdi},,
HCZJdjx,,
HCZJdj},,
HCZJbjh,,
HCZJbhZ,,
HCZJbjx,,
HCZJbi|,,
HCZJbjZ,,
HCZJay},,
HCZJdfs,,
HCZJde{,,
HCZJde],,
HCZJdc},,
HCZJde},,
HCZJfru,,
HCZJfrm,,
HCZJfp},,
HCZJfrt,,
HCZJfpv,,
HCZJfqn,,
HCZJfjZ,,
HCZJey},,
HCZJdz{,,
HCZJdzu,,
HCZJdzm,,
HCZJdz],,
HCZJdy},,
HCZJdzx,,
HCZJdzt,,
HCZJdzr,,
HCZJdzZ,,
HCZJdyv,,
HCZJdxv,,
HCZJdy^,,
HCZJdx^,,
HCZJdz},,
HCZJdz^,,
HCZJby},,
HCZJbzf,,
HCZJfen,,
HCZJfV],,
HCZJfVf,,
HCZJet},,
HCZJev},,
HCZJdu},,
HCZJbu},,
HCZJfL},,
HCZJem},,
HCZJdn{,,
HCZJdm},,
HCZJd^j,,
HCZJd^z,,
HCZJc}u,,
HCZJc}},,
HCZJa~u,,
HCZJa}~,,
HCZJ`}u,,
HCZJ`}},,
HCZJ`~Z,,
HCZJ`~V,,
HCZJfy},,
HCZJd~],,
HCZJd|},,
HCZJd~^,,
HCZNfre,,
HCZNfru,,
HCZNfrm,,
HCZNfr},,
HCZNbw},,
HCZNby},,
HCZMvH|,,
HCZMtjw,,
HCZMtiy,,
HCZMtij,,
HCZMtjy,,
HCZMtjj,,
HCZMtiz,,
HCZMtjz,,
HCZMvh|,,
HCZJvbs,,
HCZJvbe,,
HCZJval,,
HCZJv_|,,
HCZJvbF,,
HCZJvaf,,
HCZJvaN,,
HCZJvbl,,
HCZJva|,,
HCZJvbf,,
HCZJvan,,
HCZJvJh,,
HCZJvJX,,
HCZJvIx,,
HCZJvIl,,
HCZJvJx,,
HCZJvI|,,
HCZJvJr,,
HCZJvJZ,,
HCZJtjs,,
HCZJti{,,
HCZJtje,,
HCZJtj{,,
HCZJtju,,
HCZJrjX,,
HCZJril,,
HCZJrhZ,,
HCZJri|,,
HCZJrjZ,,
HCZJrjV,,
HCZJviu,,
HCZJvju,,
HCZJtz{,,
HCZJtzm,,
HCZJtz],,
HCZJty},,
HCZJtzt,,
HCZJtz},,
HCZJvfu,,
HCZJve|,,
HCZJuvt,,
HCZJuu|,,
HCZJq~u,,
HCZNMy~,,
HCZNLzt,,
HCZNLzf,,
HCZNLzv,,
HCZNLy~,,
HCZNJy},,
HCZNJzr,,
HCZNLny,,
HCZNLm},,
HCZNLm|,,
HCZNLl|,,
HCZNLn|,,
HCZNNy~,,
HCZMnbJ,,
HCZMn`z,,
HCZMnrq,,
HCZLnq{,,
HCZLnr{,,
HCZLnru,,
HCZLnrv,,
HCZLnjx,,
HCZJn_v,,
HCZJn_^,,
HCZJn_~,,
HCZJlz{,,
HCZJlzu,,
HCZJlzm,,
HCZJlz],,
HCZJlzt,,
HCZJlxv,,
HCZJlz},,
HCZJln{,,
HCZL^hz,,
HCZL^h~,,
HCZLZzt,,
HCZL^N],,
HCZL^N},,
HCZL[|v,,
HCZK~_|,,
HCZK~bJ,,
HCZK~_v,,
HCZK~_~,,
HCZK|zy,,
HCZI~`|,,
HCZI|^u,,
HCZI|^r,,
HCZI|^z,,
HCZH~jZ,,
HCZNvhz,,
HCZNvh~,,
HCZL~r{,,
HCZL~rN,,
HCZL~r|,,
HCZL~jf,,
HCZL~in,,
HCZJ|zr,,
HCY^BbW,,
HCY^B`Y,,
HCY^BbY,,
HCY^FbY,,
HCY^BpU,,
HCY^Bp],,
HCY^Es},,
HCY^Es~,,
HCY^BvY,,
HCY^Bv],,
HCY^V`V,,
HCY]vGz,,
HCY]vGv,,
HCY]vG~,,
HCY^Mu|,,
HCZnfpu,,
HCZnfp},,
HCZmv`t,,
HCZmvbb,,
HCZmvbJ,,
HCZmv_v,,
HCZmv`|,,
HCZmv_~,,
HCZmrzt,,
HCZjv`t,,
HCZjv`|,,
HCZnnp~,,
HCZm~o~,,
HCZj~ru,,
HCdffX},,
HCdenP|,,
HCdenO~,,
HCzfbzi,,
HCzfbzn,,
HCzbv^v,,
HCzbr~|,,
HCxvFZe,,
HCxvFZu,,
HCxvFZf,,
HCxvFZv,,
HCxvEzy,,
HCxvEzr,,
HCxvEyz,,
HCxvEzf,,
HCxvBzr,,
HCxvBzf,,
HCxvBzv,,
HCxvBvn,,
HCxveuv,,
HCxveun,,
HCxves~,,
HCxveu~,,
HCxvbt|,,
HCxvbvn,,
HCxve]n,,
HCxve]~,,
HCxvf\~,,
HCxvvX~,,
HCz^d|~,,
HCz^nqn,,
HCx~ey~,,
HCx~ft~,,
HCx~f\~,,
HCx~e}~,,
HCvfRh{,,
HCvfRjU,,
HCvfRim,,
HCvfRh],,
HCvfRjh,,
HCvfRil,,
HCvfRg|,,
HCvfRjb,,
HCvfRjJ,,
HCvfRij,,
HCvfRhV,,
HCvfRjj,,
HCvfRiz,,
HCvfRjV,,
HCvfRhv,,
HCvfRin,,
HCvfRg~,,
HCvfRi~,,
HCvfRz],,
HCvfRzn,,
HCvfRtv,,
HCvfP~t,,
HCvdvV{,,
HCvdvV|,,
HCvbvg},,
HCvbvi~,,
HCvbvYn,,
HCvbvW~,,
HCvbuyn,,
HCvbuy~,,
HCvbtzy,,
HCvbty^,,
HCvbtz},,
HCvbrw~,,
HCvbve|,,
HCvbve~,,
HCvbrn],,
HCvbrm},,
HCvbrnl,,
HCvbrm|,,
HCvbrnV,,
HCvbrnn,,
HCvbrm~,,
HCvbt~|,,
HCvbt~v,,
HCvdmn{,,
HCvbnp{,,
HCvbnqm,,
HCvbnq},,
HCvfrz],,
HCvfrw~,,
HCvfrzn,,
HCvd~rj,,
HCvd~rn,,
HCuv^qz,,
HErtvzz,,
HErv\|~,,
HEhferi,,
HEhferm,,
HEhfdZM,,
HEhfdZ{,,
HEhf`z{,,
HEhffZ{,,
HEhfdz{,,
HEhfdzf,,
HEhffVf,,
HEhfe]},,
HEhfe^l,,
HEhfe\z,,
HEhfe]^,,
HEhfe[~,,
HEhfe]~,,
HEhfc~{,,
HEhethk,,
HEhetjs,,
HEhetjk,,
HEhetiu,,
HEhethm,,
HEhetjX,,
HEhetjb,,
HEhetjJ,,
HEhethj,,
HEhetgz,,
HEhetju,,
HEhetjm,,
HEhetjj,,
HEhetjf,,
HEhethn,,
HEherik,,
HEherjk,,
HEherj{,,
HEherZ{,,
HEhevjk,,
HEhevj{,,
HEhevZ{,,
HEhern{,,
HEher^{,,
HEhev^{,,
HEhbvp|,,
HEhbvjx,,
HEhbvj\,,
HEhbvi|,,
HEhbve|,,
HEhbvf},,
HEhbunl,,
HEhfvjk,,
HEhfvj{,,
HEhfuz{,,
HEhfrz{,,
HEhfvx},,
HEjfazw,,
HEjfazi,,
HEjfaxu,,
HEjfayj,,
HEjfazy,,
HEjfax},,
HEjfazj,,
HEjfazz,,
HEjfbzz,,
HEjffVf,,
HEjerjs,,
HEjerjk,,
HEjerje,,
HEjerjM,,
HEjerg},,
HEjerj{,,
HEjerjm,,
HEjerZw,,
HEjerZ{,,
HEjerzi,,
HEjeryy,,
HEjerz},,
HEjernm,,
HEjeu^r,,
HEjeu\~,,
HEjer^N,,
HEjenq},,
HEjdni|,,
HEjdnt~,,
HEjdn^z,,
HEjfvnn,,
HEirvju,,
HEirvjj,,
HEiruvu,,
HEiruvt,,
HEiruuv,,
HEirtuv,,
HEirts~,,
HEirtvv,,
HEirtt~,,
HEirvvv,,
HEivvhz,,
HEivvhn,,
HEivuz],,
HEivuy},,
HEivuz},,
HEivnvn,,
HEhvFdy,,
HEhvFd},,
HEhvFff,,
HEhvFfn,,
HEhvFV],,
HEhvEvm,,
HEhvDvu,,
HEhvDtz,,
HEhvDvN,,
HEhvBty,,
HEhvBvy,,
HEhvBt},,
HEhvBvf,,
HEhvBvn,,
HEhvEne,,
HEhvEnM,,
HEhvEnm,,
HEhvFt},,
HEhvFvn,,
HEhuVre,,
HEhuVr],,
HEhuVrr,,
HEhuVrN,,
HEhuVj{,,
HEhuVZk,,
HEhuVZ{,,
HEhuVZx,,
HEhuVY|,,
HEhuVW~,,
HEhuVZ},,
HEhuTxy,,
HEhuTzm,,
HEhuTzN,,
HEhuVfk,,
HEhuVzm,,
HEhuVzn,,
HEhvVre,,
HEhvVr},,
HEhvVp~,,
HEhvVj{,,
HEhvUz{,,
HEhvVd|,,
HEhvVff,,
HEhvUvl,,
HEhvRvx,,
HEhvRv|,,
HEhvUnl,,
HEhvS~{,,
HEhuuX{,,
HEhuuZp,,
HEhuuZ{,,
HEhuuY|,,
HEhuuZ},,
HEhuvZs,,
HEhuvZk,,
HEhuvZ{,,
HEhuvZ},,
HEhutzu,,
HEhurv{,,
HEhuvzm,,
HEhtvZq,,
HEhtvZz,,
HEhrtv{,,
HEhrtm^,,
HEhrtl^,,
HEhrs~|,,
HEhrvv|,,
HEhtnjx,,
HEhtni|,,
HEjvVr],,
HEjvVr},,
HEjut|~,,
HEh~fi~,,
HEh~fXy,,
HEh~fX},,
HEh~fZ},,
HEh~f^^,,
HEhzvzy,,
HEhzvzz,,
HEnffzv,,
HEnffx~,,
HEnfn^z,,
HEnfj}~,,
HEnb}}~,,
HQjRe[},,
HQjRvje,,
HQjVJrd,,
HQjVJqZ,,
HQjVJq^,,
HQjVNp{,,
HQzTuvl,,
HQzVrzN,,
HQyuvhu,,
HQyuvh},,
HQz^d|~,,
HQy~ex|,,
HQy~ex~,,
HUZvfzz,,
HUZuvzz,,
HUxvv^v,,
